,企业名称,经营状态,所属省份,经营范围,省份赋值
0,萌萌码（重庆）教育科技有限公司,存续,重庆,计算机编程咨询;教育科技产品的开发与销售;计算机软硬件的技术开发、技术咨询、技术转让;计算机技术咨询;网络工程技术开发、技术服务。**[],1
1,北京童天下教育科技有限公司,在业,北京,"技术开发、技术推广、技术转让、技术咨询、技术服务;销售自行开发的产品;计算机系统服务;基础软件服务;应用软件服务;软件咨询;教育咨询);文艺创作;工艺美术设计;产品设计;模型设计;包装装潢设计;经济贸易咨询;文化咨询;体育咨询;公共关系服务;电脑动画设计;企业策划;设计、制作、代理、发布广告;市场调查;企业管理咨询;组织文化艺术交流活动;承办展览展示活动;影视策划;翻译服务。(企业依法自主选择经营项目,开展经营活动;;。)",1
2,天津五格教育科技有限责任公司,存续,天津,教育软件技术开发、技术咨询、技术转让及技术服务;教育信息咨询;企业管理咨询;组织文化艺术交流活动;文化艺术交流活动策划;电子产品、办品用品批发兼零售。,1
3,云南北岭科技有限公司,存续,云南,计算机软硬件的开发及应用;信息系统集成服务;承办会议及商品的展览展示活动;组织文化艺术交流活动;企业管理信息咨询;商务信息咨询;国内贸易、物资供销。,1
4,镇安猫爪信息技术有限公司,在业,陕西,计算机软件开发、销售;网站、网页设计、制作;数据统计分析;信息系统集成服务及维护;信息技术咨询服务;互联网广告设计、制作、发布;网络安全防护服务;计算机硬件及耗材销售;编程技术服务;互联网销售农副产品**,1
5,成都莘迪教育科技有限公司,存续,四川,教育软件技术、计算机软硬件、教学设备、软件、玩具、电子产品、机械设备、电子配件、数码产品、智能机器人技术的研发、销售;教育咨询;企业管理咨询;组织策划文化艺术交流活动;网络技术开发;会议及展览服务;大型活动组织服务;网上贸易代理;市场营销策划;儿童乐园服务。。,1
6,衢州喵博教育科技有限公司,存续,浙江,从事教育科技、计算机科技领域内的技术开发、技术服务、技术咨询、技术转让;教育软件开发;教育信息咨询;网页设计;教学设备销售;组织策划文化艺术交流活动。,1
7,河南矩特科技有限公司,存续,河南,电气、电子产品、计算机软硬件、办公设备、通讯产品、通信产品的技术开发及销售;计算机技术咨询、其他计算机系统服务;销售:摄录设备、计算机及辅助设备、通讯器材、办公用品、教学设备、五金交电、体育器材、灯光音响设备、办公家具、UPS电源、空气净化设备、环保设备、机械设备、家用电器、电气设备;UPS电源的维修。,1
8,北京编码未来教育科技有限公司,在业,北京,"技术开发、技术推广、技术转让、技术咨询、技术服务;销售自行开发的产品;计算机系统服务;基础软件服务;应用软件服务;软件开发;软件咨询;产品设计;模型设计;包装装潢设计;教育咨询);经济贸易咨询;文化咨询;体育咨询;公共关系服务;会议服务;工艺美术设计;电脑动画设计;企业策划、设计;设计、制作、代理、发布广告;市场调查;企业管理咨询;组织文化艺术交流活动;文艺创作;承办展览展示活动;影视策划;翻译服务;自然科学研究与试验发展;工程和技术研究与试验发展;农业科研究与试验发展;医学研究与试验发展;数据处理(数据处理中的银行卡中心、PUE值在1.5以上的云计算数据中心除外);接受金融机构委托从事金融信息技术外包服务;接受金融机构委托从事金融业务流程外包服务;接受金融机构委托从事金融知识流程外包服务。(企业依法自主选择经营项目,开展经营活动;;。)",1
9,上海巴查网络科技有限公司,存续,上海,"从事网络科技、软件科技、教育科技领域内的技术开发、技术转让、技术咨询、技术服务,设计、制作各类广告、利用自有媒体发布广告,计算机、软件及辅助设备、数码产品、电子产品、通讯设备的销售,图文设计制作,创意服务,展览展示服务,舞台设计,企业营销策划、企业形象策划、公关活动组织策划、体育赛事策划,票务代理,会务服务,礼仪服务,投资咨询、企业管理咨询、商务信息咨询(咨询类项目除经纪),人才中介,从事货物及技术的进出口业务。",1
10,深圳市未来少儿编程教育创新院,存续,广东,计算机软硬件产品的技术开发、技术转让、技术咨询;计算机编程咨询;教育咨询;计算机软件系统集成;经营电子商务;^,1
11,江苏西游少儿编程培训有限公司,存续,江苏,面向中小学生开展的艺术培训、体育培训、科技培训;文化艺术交流活动组织及策划;文体用品、通信产品、电子产品及配件销售;科技中介服务;出版物销售(须取得许可或批准后方可经营)。,1
12,白城市贝优乐少儿编程有限公司,存续,吉林,室内手工制作娱乐服务;室内娱乐服务;儿童室内游戏娱乐服务。,1
13,丽水市符号少儿编程培训有限公司,存续,浙江,开展少儿编程、积木搭建培训)。,1
14,丽水神码同学少儿编程培训有限公司,存续,浙江,"开展少儿编程培训),电子产品批发、零售。",1
15,丽水市贝妮少儿编程培训有限公司,存续,浙江,"开展少儿编程、幼儿积木搭建培训,益智玩具的开发、推广,文化艺术交流活动组织,会议服务,承办展览展示活动;文教用品,体育用品的批发、零售。",1
16,丽水市睿程少儿编程培训有限公司,存续,浙江,"开展少儿编程培训,开展美术、音乐、舞蹈、书法、围棋培训(以上均不涉及与学历教育相关的活动),文化交流活动组织、策划;文具,体育用品,教具,图书、报刊批发、零售。",1
17,乐清市神笔轩少儿编程培训有限公司,存续,浙江,少儿编程、美术、音乐、舞蹈、书法、围棋培训;亲子、少儿活动策划;文化交流活动组织、策划;教育科技领域内的技术研发、技术推广、技术服务、技术咨询、技术转让;文具、体育用品、教具零售。,1
18,小熊少儿编程教育服务（荆州）有限公司,存续,湖北,智力开发类的少儿编程教育培训服务;计算机信息科技领域内的技术开发、技术咨询、技术服务和技术推广;文化交流活动组织、策划;教具产品的研发与销售。,1
19,成都渡课少儿编程教育咨询有限公司,存续,四川,教育信息咨询(不得开展辅导、培训)()。,1
20,深圳市励码编程少儿教育科技有限公司,存续,广东,少儿教育项目的开发;计算机软硬件的设计、开发、技术培训与销售;文化活动策划;企业管理咨询;教育培训;信息咨询;礼仪服务;文化艺术培训;乐器培训、舞蹈培训、棋类培训;体育技能培训;体育活动策划;从事广告业务;国内贸易;经营进出口业务。^劳务派遣;旅游业务;,1
21,东湖区君达少儿编程中心,在业,江西,少儿编程***服务、人工智能机器人***零售,1
22,兴宁市智创少儿编程培训中心,在业,广东,少儿编程培训。,1
23,聊城市东昌府区合一编程少儿编程部,在业,山东,计算机信息咨询服务、编程信息咨询及技术服务,1
24,韩城市码博士少儿编程中心,在业,陕西,"乐高积木教学设备、计算机、软件、文具用品销售,少儿编程、思维乐高、智能机器人技术咨询、服务、转让服务",1
25,榆树市瓦力少儿编程店,存续,吉林,综合零售(经营范围在小类中具体确定);机器人零售。,1
26,蒙自负鼠少儿智能编程咨询中心,存续,云南,编程基础语言咨询服务;计算机软件开发;网站建设及运营维护。,1
27,深圳市励码编程少儿教育科技有限公司海上世界分校,存续,广东,少儿教育项目的开发;文化活动策划;企业管理咨询;教育培训;信息咨询;礼仪服务;文化艺术培训;乐器培训、舞蹈培训、棋类培训;体育技能培训;体育活动策划;从事广告业务;国内贸易;经营进出口业务。^劳务派遣;旅游业务;计算机软硬件的设计、开发、技术培训与销售。,1
28,沾益西平智趣汇少儿编程体验馆,存续,云南,教育信息咨询服务、电子商务服务、计算机软件、硬件开发、推广、教育设备、文化用品、电子产品、机电设备、办公用品、玩具开发、销售。,1
29,府谷县贝乐菲科少儿编程体验中心,在业,陕西,商务信息咨询;机器人模型组装;机器人教育产品销售及技术服务;承办经批准的科技比赛。,1
30,南京你好世界教育科技有限公司,存续,江苏,教育软件开发、技术咨询;计算机软硬件开发、技术咨询、技术服务;计算机网络工程设计、施工及维护;网站建设;企业管理咨询、商务咨询服务。,1
31,厦门市同安区少儿编程咨询服务部,存续,福建,其他未列明的专业咨询服务;其他未列明居民服务业。,1
32,镇康县南伞乐堂少儿编程手工作坊,存续,云南,儿童娱乐及手工服务。,1
33,青阳县蓉城镇锡锡少儿编程活动中心,存续,安徽,少儿文化体育服务。,1
34,沈阳市于洪区造物精灵少儿科学编程店,存续,辽宁,计算机软件技术咨询、教育信息咨询、文化信息咨询、商务信息咨询、儿童室内游戏娱乐、展览展示及会议承办服务;美术工艺品、教学设备销售;计算机系统集成及综合布线。,1
35,山东九八五教育科技有限公司,在业,山东,教育软件、网络信息技术领域内的技术开发、技术服务、技术咨询、技术转让;计算机信息咨询;软件开发;组织文化艺术交流活动;企业管理咨询服务;教育软件、教学设备、仪器仪表、计算机软件及辅助设备、文具用品、办公用品、玩具的销售。,1
36,沈阳金成致远教育咨询有限公司,存续,辽宁,教育信息咨询;计算机软件技术开发、技术服务、技术咨询、技术转让;企业管理咨询;计算机系统集成。,1
37,欧罗巴（武汉）教育咨询有限责任公司,存续,湖北,教育咨询;计算机软件技术研发;文化艺术交流活动策划;会议会展服务;企业管理咨询;家政服务。(),1
38,深红智能科技（北京）有限公司,在业,北京,"技术开发、技术咨询、技术推广、技术服务;教育咨询、教育科技)。(企业依法自主选择经营项目,开展经营活动;;。)",1
39,星未来教育科技（肇庆市高新区）中心（普通合伙）,在业,广东,"技术服务、技术推广、技术咨询;教育信息咨询,企业管理咨询,计算机软硬件开发与维护,商务咨询,会务服务,企业形象策划,保洁服务,组织文化艺术交流活动;销售:文化用品,工艺品,玩具;营养咨询。",1
40,编程火（深圳）科技有限公司,存续,广东,"一般经营项目是:编程技术开发、数据处理(数据处理中的银行卡中心、PUE值在1.5以上的云计算数据中心除外);计算机系统服务;企业管理咨询;教育咨询;组织文化艺术交流活动;市场调查;企业策划;文化咨询;会议服务;承办展览展示活动;产品设计;模型设计;电脑动画设计;基础软件服务;应用软件服务;软件开发;软件咨询;企业管理咨询;经营电子商务(涉及前置性行政许可的,须取得前置性行政许可文件后方可经营);国内贸易;经营进出口业务。),许可经营项目是:设计、制作、代理、发布广告;出版物零售;从事互联网文化活动。",1
41,扬中市雄鹰少儿培训服务有限公司,存续,江苏,面向少年儿童开展机器人科技培训;组织策划文化艺术交流活动。,1
42,深圳市非常文化传播有限公司,存续,广东,"文化活动策划;会议及文体活动策划;教育培训,经营电子商务。^",1
43,北京启迪开智教育科技有限公司,在业,北京,"技术开发、技术推广、技术转让、技术咨询、技术服务;销售自行开发的产品;计算机系统服务;基础软件服务、应用软件服务;软件开发;软件咨询;产品设计;模型设计;包装装潢设计;教育咨询);经济贸易咨询;文化咨询;体育咨询);公共关系服务;会议服务;工艺美术设计;电脑动画设计;企业策划、设计;设计、制作、代理、发布广告;市场调查;企业管理咨询;健康管理、健康咨询);组织文化艺术交流活动;文艺创作;承办展览展示活动;会议服务。(企业依法自主选择经营项目,开展经营活动;;。)",1
44,深圳点猫科技有限公司,存续,广东,"一般经营项目是:信息技术、生物技术、化工产品、建筑建材、机械设备、文化用品、工艺美术品、电子产品、工艺礼品的技术开发、技术咨询、技术维护、技术转让及销售;计算机编程;计算机软件设计;从事文化交流活动策划;教育信息咨询;企业形象策划;文化活动策划;从事广告业务;装潢设计、美术设计、电脑动画设计;展览展示策划;经营电子商务;国内贸易;经营进出口业务;教育培训;教育信息咨询;文化活动策划。,限制的项目须取得许可后方可经营),许可经营项目是:文艺创作;音像制品和书籍的批发及零售;从事增值电信业务。",1
45,厦门美力程教育科技有限公司,存续,福建,商务信息咨询;企业管理咨询;教育咨询;其他未列明科技推广和应用服务业;教育辅助服务;其他未列明专业技术服务业;其他未列明的教育服务;文化、艺术活动策划;其他未列明文化艺术业;其他未列明企业管理服务;市场管理;会议及展览服务;办公服务;提供企业营销策划服务;其他未列明商务服务业。,1
46,杭州潮麦教育科技有限公司,存续,浙江,"服务:教育软件、教学设备、仪器仪表、网络信息技术的技术开发、技术服务、技术咨询、成果转让;批发、零售(含网上销售):教学设备,仪器仪表,计算机软硬件。",1
47,上海童希教育科技有限公司,存续,上海,"从事教育科技、信息科技领域内的技术开发、技术咨询、技术服务、技术转让,文化艺术交流策划,会务服务,展览展示服务,市场营销策划,企业形象策划,计算机软件开发。",1
48,星曙（成都）科技有限公司,存续,四川,"从事网络科技领域的技术开发、技术咨询、技术服务,计算机软件开发,组织策划文化交流活动、企业管理咨询;图文设计:计算机、软件及辅助设备、电子产品、通讯器材销售。。",1
49,深圳市精灵营教育科技有限公司,存续,广东,"从事教育信息技术、教育设备、教学软件、计算机软硬件的技术开发、技术咨询、技术服务、技术转让;企业管理咨询、文化艺术交流咨询、教育信息咨询、商务信息咨询;文化艺术活动策划、展览展示策划、企业形象策划;会议服务;教学设备的销售,国内贸易^",1
50,广州魔块教育科技有限公司,在业,广东,科技项目代理服务;科技信息咨询服务;科技中介服务;信息电子技术服务;软件开发;信息技术咨询服务;数据处理和存储服务;游戏软件设计制作;数字动漫制作;机器人的技术研究、技术开发;网络技术的研究、开发;教学设备的研究开发;文化推广;文化传播;文化艺术咨询服务;教育咨询服务;企业管理咨询服务;企业形象策划服务;企业管理服务);商品批发贸易);商品零售贸易);,1
51,三河市敬学教育科技有限公司,存续,河北,教学软件技术开发、技术转让、技术推广;教育咨询;组织文化艺术交流活动、承办展览展示服务、文艺创作。,1
52,保定君稻衡得教育科技有限公司,存续,河北,"教育软件开发;教育咨询服务),网络技术开发、咨询、转让服务,信息技术咨询服务,大型活动组织服务,企业管理咨询服务,企业形象策划服务,公司礼仪服务,广告制作、发布、代理服务,文化艺术咨询服务,科技会展服务,旅游会展服务,体育会展服务,文化会展服务,摄影服务;计算机、软件及辅助设备,文具用品销售。",1
53,湖北绿峰教育科技发展有限公司,存续,湖北,教育信息咨询;计算机领域内的技术开发、技术推广、技术服务、技术咨询;产品设计、电脑动画设计;数据处理;基础软件服务;工程造价咨询。()***,1
54,西安普格睿明信息科技有限公司,在业,陕西,计算机信息技术开发、技术转让、技术服务及咨询;计算机系统技术服务;文化艺术交流活动组织与策划;户外活动的组织策划;游戏软件的研发;互联网信息服务。,1
55,哈尔滨思维代码科技有限公司,存续,黑龙江,网络信息技术开发、技术服务、技术咨询;软件开发;教育软件开发及销售;少儿编程教学软件开发及销售;教学机器人相关软硬设计、开发及销售;教学教具设计、开发及销售。,1
56,贵州趣编码教育科技有限公司,存续,贵州,"法律、法规、国务院决定规定禁止的不得经营;法律、法规、国务院决定规定应当许可(审批)的,经审批机关批准后凭许可(审批)文件经营;法律、法规、国务院决定规定无需许可(审批)的,市场主体自主选择经营。(教育领域技术开发、技术服务、技术转让、技术咨询;教育咨询、文化艺术咨询;展览展示活动服务、组织文化艺术交流活动;软件技术开发、技术服务、技术转让、技术咨询;计算机系统服务、电脑动画设计;出租商业用房。())",1
57,福清熙隆教育科技有限公司,存续,福建,从事教育科技领域内的技术开发、技术咨询;软件开发;网站建设;计算机和办公设备维修;智能机器人技术开发。,1
58,邢台简胜网络科技有限公司,存续,河北,网络科技的技术开发、技术转让、技术咨询、技术服务、技术推广;基础软件开发;互联网数据服务;信息系统集成服务;智能化安装工程施工;会议展览展示服务;公共建筑装饰和装修;企业管理咨询;企业形象策划服务;设计、制作、代理、发布国内广告;组织文化艺术交流活动;健康咨询;体育用品、办公用品、通讯设备、电子产品、计算机软硬件及辅助设备的批发零售。,1
59,上海践升信息科技有限公司,存续,上海,"从事计算机软件技术领域内的技术开发、技术转让、技术咨询、技术服务,商务咨询,通信建设工程施工,网络工程,计算机、软件及辅助设备的销售。",1
60,成都硅谷少儿教育科技有限公司,存续,四川,教育软件开发;计算机软硬件开发、销售并提供技术服务;教育咨询;销售:文化用品、玩具;货物及技术进出口。。,1
61,上海牧学网络科技有限公司,存续,上海,"网络科技领域内的技术开发、技术服务、技术转让、技术咨询,计算机软硬件、智能化控制设备的开发和销售,系统集成。",1
62,北京墨馨教育科技有限公司,在业,北京,"技术开发、技术推广、技术转让、技术咨询、技术服务;软件开发;健身休闲活动;应用软件服务;计算机系统服务;体育咨询;设计、制作、代理、发布广告;承办展览展示活动;会议服务;包装装潢设计;基础软件服务;技术开发、技术推广、技术转让、技术咨询、技术服务;组织体育竞赛;模型设计;企业管理咨询;企业策划;会议服务;承办展览展示活动;教育咨询);销售文化用品。(企业依法自主选择经营项目,开展经营活动;;。)",1
63,中山坚首教育信息咨询有限公司,在业,广东,教育信息咨询、文化交流策划;研究与开发教育软件;计算机软硬件的研究、开发、技术服务与销售。,1
64,乐佰科（深圳）教育科技有限公司,存续,广东,"一般经营项目是:文化活动策划与咨询;教具产品的研发与销售;计算机软硬件的技术开发;玩具销售及其它国内贸易;教育培训;美术培训;教育咨询;投资咨询。(以上均;根据法律、行政法规、国务院决定等规定需要审批的,依法取得相关审批文件后方可经营),许可经营项目是:创客培训。",1
65,石家庄木文科技有限公司,存续,河北,电子产品、计算机软硬件的技术研发、技术咨询、技术转让;企业管理咨询;组织文化艺术交流活动策划;动漫设计;音像制品、国内版图书报刊(凭许可证经营)的零售。,1
66,地鼠科技（深圳）有限公司,存续,广东,"一般经营项目是:计算机技术开发、技术转让、技术咨询、技术推广、技术服务;计算机系统服务;数据处理;基础软件服务;应用软件服务;软件开发。,许可经营项目是:计算机技术培训。",1
67,杭州艺程科技有限公司,存续,浙江,"服务:计算机软硬件、网络信息技术的技术开发、技术服务,技术咨询、成果转让,教育信息咨询,会展服务,企业营销策划,设计、制作、代理、发布国内广告,室内装饰设计,平面设计;电信增值业务;批发、零售:电子产品,文体用品。",1
68,南京思克奇网络科技有限公司,存续,江苏,网络技术、网络工程技术、计算机技术的技术咨询及技术服务、技术开发、技术转让;文化信息咨询;文化艺术交流、咨询、服务;互联网信息服务;计算机软硬件及网络设备的研究开发、安装及维护;广告代理、发布;文化用品的批发与零售。,1
69,武汉中软赛博信息技术有限公司,存续,湖北,计算机软件及计算机行业领域内的的技术开发、技术咨询、技术服务及技术转让;计算机系统集成服务;计算机软件及辅助设备、电子产品、机械设备的批零兼营。(),1
70,深圳腾学科技有限公司,存续,广东,"手机智能软件、电子商务平台、教育软件的开发及技术咨询服务;计算机软硬件开发及维护;计算机系统集成;自有房屋租赁、代收水电费。(以上均不涉及外商投资准入特别管理措施项目,限制的项目须取得许可后方可经营)",1
71,杭州漫地科技有限公司,存续,浙江,"技术研发、技术咨询、技术服务、成果转让:计算机软硬件、网络信息技术、电子商务技术、电子产品、教育软件;服务:教育咨询,成年人的非证书劳动职业技能培训,艺术培训,会议服务,图书租赁,市场信息咨询,商务信息咨询,票务代理,订房服务,酒店管理,餐饮管理,糕点类食品制售,自制饮品制售。",1
72,深圳市九厚科技有限公司,存续,广东,"计算机软、硬件的设计、研发、销售;计算机系统集成;国内贸易;经营进出口业务;文化教育交流信息咨询(以上根据法律、行政法规、国务院决定等规定需要审批的,依法取得相关审批文件后方可经营)。^影视动画制作与技术咨询;计算机编程培训。",1
73,上海望优教育科技有限公司,存续,上海,"教育科技、智能科技、计算机科技、信息科技、新能源科技领域内的技术开发、技术咨询、技术服务、技术转让,网络科技,电子商务,文化艺术交流活动策划、企业形象策划、品牌管理策划、市场营销策划、公关活动策划,多媒体的设计与制作,设计、制作各类广告,电脑图文设计、制作,会议及展览服务,网络工程,企业管理咨询、旅游咨询、商务信息咨询,电子产品、日用百货、仪器仪表、计算机、软件及辅助设备的销售。",1
74,厦门斯帆科技有限公司,存续,福建,其他未列明科技推广和应用服务业;软件开发;信息技术咨询服务;其他未列明信息技术服务业;商务信息咨询;教育咨询;计算机、软件及辅助设备批发;其他未列明商务服务业;电气设备批发;五金产品批发;其他机械设备及电子产品批发;互联网销售;机器人及智能设备的设计、研发、制造及销售。,1
75,武汉玩得开教育科技有限公司,存续,湖北,教育软件的研发及销售;教学设备的销售、技术开发、技术咨询;计算机系统集成;文化艺术交流活动组织与策划;企业营销策划;广告设计、制作、发布、代理;会议会展服务;办公用品、文化用品、体育用品的销售。(),1
76,上海傲梦网络科技有限公司,存续,上海,"从事网络科技领域内的技术开发、技术咨询、技术服务,计算机软件开发,文化艺术交流策划咨询、企业管理咨询,美术设计制作,计算机、软件及辅助设备,电子产品,通讯器材销售,电信业务。",1
77,嘉兴稻兔教育科技有限公司,存续,浙江,教育软件的研发、销售;翻译服务;设计、制作国内各类广告;办公用品、工艺品的销售。,1
78,杭州艾谛科技有限公司,存续,浙江,技术开发、技术服务、技术咨询、成果转让:机器人、计算机软硬件、电子产品、工业自动化技术;服务:文化艺术交流活动策划、会务服务。),1
79,深圳市海码编程教育科技有限公司,存续,广东,"一般经营项目是:教育科技、教育项目及科研文献的咨询和策划;教育咨询;教育软件的研发;文化活动组织策划;文化艺术交流活动策划;计算机科技领域内的技术服务、技术开发、技术咨询、技术转让;经济信息咨询;企业管理咨询;计算机软硬件的销售。),许可经营项目是:",1
80,广东和讯创智智能科技股份有限公司,在业,广东,机械设备租赁;办公设备租赁服务;机电设备安装服务;房屋建筑工程施工;园林绿化工程服务;监控系统工程安装服务;智能化安装工程服务;楼宇设备自控系统工程服务;通信系统工程服务;信息系统集成服务;信息技术咨询服务;房屋租赁;场地租赁;投资咨询服务;商品信息咨询服务;计算机技术开发、技术服务;科技信息咨询服务;电气设备批发;计算机零配件批发;软件批发;办公设备耗材批发;通讯设备及配套设备批发;办公设备批发;电子元器件批发;电子产品批发;货物进出口);技术进出口;商品批发贸易);商品零售贸易);受金融企业委托提供非金融业务服务;软件开发;通讯终端设备批发;计算机批发;网络技术的研究、开发;电子、通信与自动控制技术研究、开发;教学设备的研究开发;房屋建筑工程施工图设计文件审查;市政设施工程施工图设计文件审查;人防工程施工图设计文件审查;工程造价咨询服务;工程勘察设计;房屋建筑工程设计服务;机械工程设计服务;电子工程设计服务;通信工程设计服务;其他工程设计服务;互联网区块链技术研究开发服务;计算机及通讯设备租赁;计算机房维护服务;安全技术防范系统设计、施工、维修;电力工程设计服务;道路护栏安装;道路货物运输代理;,1
81,小飞象（深圳）教育科技有限公司,存续,广东,"计算机软硬件的技术开发、技术咨询、技术转让;教育信息咨询;计算机培训咨询;教育设备、教育器材的研发、销售。,限制的项目须取得许可后方可经营)^",1
82,凯文（汕头）教育咨询有限公司,在业,广东,"教育咨询;教学软件研究开发;教学设备的研究开发;计算机软件、销售及技术服务;企业管理咨询服务;会议及展览服务;市场营销策划服务;动漫产品的研发及销售;销售:文具用品,教学软件,电化教学设备,电子产品,日用百货,服装,塑料制品,玩具。",1
83,南京天码行空教育科技有限公司,存续,江苏,教育软硬件技术研发、技术咨询、技术转让、技术服务、销售;计算机系统集成;组织文化艺术交流活动策划;户外活动组织策划;会务服务;展览展示服务;文化创意咨询策划;旅游信息咨询;翻译服务;预包装食品、文化用品、办公用品、体育用品、教学设备销售;制作、代理、发布国内各类广告。,1
84,杭州乐程教育科技有限公司,存续,浙江,"技术开发、技术服务、技术咨询、成果转让:教育技术、计算机网络技术、计算机软硬件、电子产品;服务:国内广告的设计、制作、代理、发布,成年人的非证书劳动职业技能培训,美术培训,品牌管理,企业形象策划,企业管理咨询,市场营销策划,图文设计、制作;批发、零售(含网上销售):教学设备,办公设备,计算机软硬件,仪器仪表,电子产品;其他无需报经审批的一切合法项目。",1
85,北京智众互动网络科技有限公司,在业,北京,"技术开发、技术咨询、技术转让、技术服务;软件开发;销售机械设备、电子产品。(企业依法自主选择经营项目,开展经营活动;;。)",1
86,天津魔扣智星教育科技有限公司,存续,天津,"计算机软硬件、计算机网络设备、通信设备的技术开发、转让、服务、咨询;批发和零售业,企业管理咨询;教育信息咨询。",1
87,上海码蕴教育科技有限公司,存续,上海,"从事教育科技专业领域内技术开发、技术转让、技术咨询、技术服务,商务信息咨询,文化艺术交流策划咨询,广告设计、制作、代理、发布,企业形象策划,会务服务,展览展示服务,礼仪服务,摄影摄像服务,电脑图文设计制作,电子商务,办公文化用品、办公设备、文体用品、计算机、软件及辅助设备、工艺美术品销售。",1
88,东莞意童科技服务有限公司,在业,广东,科技中介服务;计算机软硬件开发与销售;信息技术咨询及技术服务;网页设计;动漫设计;机器人研发;教育信息咨询;体育赛事活动策划;文化艺术交流活动组织及策划;文化教育项目投资。,1
89,东莞市童思童行教育科技有限公司,在业,广东,教育机器人研发;教育项目研究;文化教育项目投资;教育信息咨询;赛事活动策划;教育文化交流活动组织策划。,1
90,成都酷思未来教育科技有限公司,存续,四川,"教育软件开发;教育咨询;网络技术开发、技术推广、技术转让、技术咨询、技术服务;软件开发;计算机系统服务;基础软件服务;应用软件服务;工业产品设计;包装装潢设计服务;市场调研;文艺创作;翻译服务;销售电子产品、玩具、计算机软件及辅助设备、办公用品、文化用品、教学专用仪器;图书、期刊、电子出版物的零售(未取得相关行政许可(审批),不得开展经营活动);组织策划文化艺术交流活动;教育辅助服务。。",1
91,杭州星码科技有限公司,存续,浙江,"服务:智能设备、网络技术、信息技术、计算机软件的技术开发、技术服务、技术咨询、成果转让,成年人的非证书劳动职业技能培训),艺术特长培训、体育特长培训),文化艺术交流活动组织策划,教育信息咨询;批发、零售:计算机软硬件,仪器仪表。",1
92,杭州颜回网络科技有限公司,存续,浙江,"网上从事:网络信息技术、电子商务技术、计算机软硬件的技术开发、技术服务、技术咨询、成果转让;网上销售:电子产品,办公用品,日用百货。",1
93,杭州码思网络科技有限公司,存续,浙江,"服务:网络信息技术、教育软件、教学设备、仪器仪表的技术开发、技术服务、技术咨询、成果转让,教育信息咨询,成年人的非证书劳动职业技能培训),文化艺术活动策划,家政服务;批发、零售:教学设备,仪器仪表,计算机软硬件。",1
94,山西童创未来教育科技有限公司,存续,山西,计算机软硬件、互联网软件、教育软件的技术开发、技术转让、技术咨询、技术服务;教育信息咨询;机器人软件的技术咨询;教学设备的开发及销售;人工智能产品的研发;大数据服务;数据处理服务(数据处理中的银行卡中心、PUE值在1.5以上的云计算数据中心除外);计算机系统集成;计算机网络工程;企业管理咨询;计算机信息技术咨询;企业形象设计与策划;会务会展服务;市场营销策划;组织文化艺术交流活动;广告业务;广播电视节目制作、传送;电影发行;影视策划;摄影摄像服务;办公用品、工艺美术品的销售。,1
96,深圳市幸尔科技有限公司,存续,广东,"计算机软硬件的技术开发;计算机软硬件的设计;计算机的技术咨询服务;电子产品的销售;从事广告业务;国内贸易;商务信息咨询;提供婚姻介绍信息咨询。,限制的项目须取得许可后方可经营)^经营性互联网信息服务。",1
97,长沙华敏软件有限责任公司,存续,湖南,"软件开发系统集成服务;信息技术咨询服务;游戏软件设计制作;游戏外包服务;儿童室内游戏(限分支机构);机器人零配件的销售;机器人技术咨询;机器人竞赛活动组织策划;机器人文化交流;基础软件、支撑软件、应用软件、机器人的开发。(,未经批准)",1
98,佛山市贝乐点石科技有限公司,在业,广东,机械人研发;文化艺术培训;艺术、文体活动的策划、展览和展示服务;销售:玩具、机械人设备。,1
99,上海易编学教育科技有限公司,存续,上海,"从事教育科技、计算机科技、智能科技、网络科技领域内的技术开发、技术咨询、技术服务、技术转让,软件开发,网页设计、制作,出版物经营,文化用品、玩具、电子设备、计算机、软件及辅助设备的销售,电信业务。",1
100,秦皇岛市思越科技有限公司,存续,河北,计算机软件的技术开发、技术咨询、技术服务;组织文化艺术交流活动;计算机系统集成服务;计算机网络工程技术服务;计算机、软件及辅助设备、办公用机械、文具用品、体育用品;玩具的销售**,1
101,纽狐（常州）教育科技有限公司,存续,江苏,"教育软件设计、研发;面向中小学生开展的研学、艺术、体育、科技培训;面向成年人开展的培训服务;北斗卫星导航设备及配件的研发及销售;人工智能系统设备及模块模组的研发与销售;教育教学设备、文具用品、教具研发、销售;电子产品、信息技术、生物科技领域内的技术开发、技术咨询、技术服务、技术转让;计算机编程;美术设计、电脑动画设计;会务服务;展览展示服务;以电子商务的方式从事百货的销售;自营和代理各类商品及技术的进出口业务,但国家限定企业经营或禁止进出口的商品及技术除外;文化活动策划;文艺创作;互联网信息服务(增值电信业务以《中华人民共和国增值业务经营许可证》为准)。",1
102,上海文趣科技有限责任公司,存续,上海,"从事教育科技领域内的技术开发、技术转让、技术咨询、技术服务,文化艺术交流与策划,企业形象策划,市场营销策划,会务服务,展览展示服务,商务信息咨询,企业管理咨询,计算机软硬件及辅助设备的销售。",1
103,合肥知未立新教育科技有限公司,存续,安徽,教育科技领域内的技术开发、技术推广、技术转让、技术咨询、技术服务;组织文化艺术交流活动;会议服务;企业管理咨询;设计、制作、代理、发布国内广告;计算机软件及辅助设备、文化用品、体育用品、玩具、电子产品销售;文艺创作;影视策划;广播电视节目制作。,1
105,深圳可啦卜投资咨询有限公司,存续,广东,房地产投资咨询、企业管理咨询、商务信息咨询、信息咨询;电子产品、日用品、护肤用品、计算机软硬件及周边设备的购销;信息系统技术、网络技术开发;经营电子商务;从事货物及技术的进出口业务。)^,1
106,石家庄酷橙网络科技有限公司,存续,河北,网络、计算机软件、电子产品的技术开发、技术转让、技术咨询、技术服务;组织文化艺术交流活动;会议及展览展示服务;计算机系统集成;广播电视节目制作(凭许可证经营);动漫设计;国内版图书、报刊(凭许可证经营)的零售;电子产品、计算机软硬件及外围辅助设备的销售。,1
107,上海耕子教育科技有限公司,存续,上海,"教育软件科技、软件科技、智能化科技、计算机科技、信息科技,网络科技领域内的技术开发、技术咨询、技术服务、技术转让,电信业务,从事货物及技术进出口业务。",1
108,扬州美课科技有限公司,存续,江苏,"教育软件技术开发、技术推广,技术咨询、技术转让,计算机软硬件开发、销售,产品设计,模型设计,广告设计、制作、代理、发布,组织和策划文化艺术交流活动,展览展示服务,会务服务,教育信息咨询(未经批准不得擅自从事或者主要从事吸收存款、发放贷款、办理结算、票据贴现、资金拆借、信托投资、金融租赁、融资担保、外汇买卖、代客理财等金融业务活动),从事国家批准设置的特定职业和职业标准范围以外的培训,家政服务,通讯设备、文具用品、电子产品、电讯器材,办公用品、玩具、家用电器销售,维修电子产品,自营和代理各类商品及技术进出口业务。",1
109,上海猿玛教育科技有限公司,存续,上海,"教育软件科技、电子产品技术领域内的技术咨询、技术服务、技术转让、技术开发,软件开发、销售,电子产品销售,计算机网络系统工程服务。",1
110,合肥爱码教育科技有限公司,存续,安徽,教育科技产品研发、销售;教育咨询;信息技术推广服务;计算机软硬件技术研发、技术服务、技术转让、技术咨询、销售;计算机系统集成;网络工程设计、施工。,1
111,长春市编程猫教育培训学校有限责任公司,存续,吉林,少儿小程序编程培训。,1
112,酷叮猫科技（大连）有限公司,存续,辽宁,计算机软硬件技术开发、技术转让、技术服务、技术咨询及销售;企业管理咨询;企业营销策划;会议服务;展览展示服务;企业形象设计;大型活动组织服务;经营广告业务;体能拓展训练;国内一般贸易,1
113,洛阳市云竹信息技术有限公司,存续,河南,计算机软件开发与销售;信息技术咨询服务;计算机外围设备及附属设备的销售;信息系统集成服务。,1
114,徐州市铜山区小马快跑儿童成长中心,正常,江苏,少儿英语、美术、逻辑思维训练、编程,1
115,天津市滨海新区星远课外教育中心有限公司,存续,天津,少儿编程;课件、软件研发。,1
116,湖北中软中创科技有限公司,存续,湖北,软件技术开发、技术转让、技术咨询、技术服务;教育信息咨询服务;计算机技术培训;设计、制作、代理、发布国内各类广告;会议会展服务;企业管理咨询;商务信息咨询;市场营销策划。,1
117,宜城市炅烁教育咨询服务有限公司,存续,湖北,少儿编程、绘画、钢琴音乐咨询服务。,1
118,保定小阿哥科技有限公司,存续,河北,机器人编程、少儿编程、人工智能、计算机技术开发***,1
119,鞍山市巨人特长培训学校,正常,辽宁,写作英语、少儿模型制作编程,1
120,西安莲湖童程童美童慧培训中心有限公司,在业,陕西,少儿编程、机器人编程培训。,1
121,南京学码思教育培训学校,正常,江苏,IT、网络培训、数字艺术设计及少儿编程培训,1
122,海安扬思教育培训中心有限公司,存续,江苏,文化、艺术类、少儿编程培训。,1
123,榆林市辰启艺术培训学校有限公司,在业,陕西,亲子早教、乐高积木、少儿编程、少儿思维*,1
124,潍坊爱知盟教育科技有限公司,在业,山东,教学软件技术开发、技术推广、技术转让、技术咨询、技术服务;计算机软硬件技术开发、技术转让及技术服务;模具设计;会务服务;平面设计;企业营销策划、制作、代理发布广告;市场调查;企业管理咨询;组织文化艺术交流活动;展览展示服务;影视策划;翻译服务;销售:计算机软硬件、办公设备、电子产品、机械设备、通讯设备、办公用品;,1
125,河南佰佳客商贸有限公司,存续,河南,网上贸易代理;销售:水产品、服装辅料、化妆品、食用农产品、种子、五金交电、玩具、健身器材、工艺礼品、陶瓷制品、建筑材料、塑胶制品、通讯设备、电子产品、包装材料、钟表、眼镜、照相器材、汽车配件、计算机、计算机软件及辅助设备、计生用品、第一类医疗器械、劳保用品、预包装食品、新鲜水果、新鲜蔬菜、日用百货、厨房用具、卫生间用具、针纺织品、服装、鞋帽、体育用品、文具用品;设计、制作、代理、发布国内广告业务;货物进出口、技术进出口;摄影服务;票务代理服务;企业营销策划;会议服务;展览展示服务;文化艺术交流活动策划;企业信息咨询服务;互联网信息咨询服务;计算机系统集成服务;计算机软件及网络技术开发、技术咨询、技术转让、技术服务;仓储服务);装饰装修工程的设计及施工;供应链管理服务;道路普通货物运输。,1
126,深圳市考拉编程有限公司,存续,广东,"一般经营项目是:少儿编程培训;少儿3D打印课程培训;少儿记忆法训练课程培训;人工智能、机器人及软件研发与技术咨询服务。,许可经营项目是:",1
127,盘锦百越教育培训中心有限公司,存续,辽宁,少儿编程;数学。,1
128,深圳麦圈互动技术有限公司,存续,广东,"网络技术开发、技术服务;计算机软硬件的技术开发、销售、技术服务;网络设备销售;网络系统集成;从事广告业务;市场营销策划;企业形象策划;展览展示策划;美术设计;产品包装设计;经济信息咨询;网络产品、信息产品的技术开发(以上根据法律、行政法规、国务院决定等规定需要审批的,依法取得相关审批文件后方可经营)。^",1
130,子长县奇幻科技有限公司,在业,陕西,少儿编程教育、小学英语、小学数学、小学语文、初中英语、初中数学、初中语文。,1
131,沈阳市沈河区同泽雨人教育培训学校,正常,辽宁,"少儿编程,思维导图,国学,中小学文化课",1
132,北京米创教育科技有限公司,在业,北京,"技术开发、技术转让、技术咨询、技术服务、技术培训;基础软件服务;应用软件服务;计算机系统服务;数据处理(数据处理中的银行卡中心、PUE值在1.5以上的云计算数据中心除外);代理、发布广告;销售工艺品、计算机、软件及辅助设备、电子产品、通讯设备、文化用品、体育用品、日用品;教育咨询;企业管理咨询;文化咨询;投资咨询;企业管理;组织文化艺术交流活动;承办展览展示活动;会议服务;翻译服务;市场调查;投资管理;电脑动画设计;信息服务业务(仅限互联网信息服务)。(互联网信息服务增值电信业务经营许可证有效期至2023年08月01日)。(企业依法自主选择经营项目,开展经营活动;信息服务业务(仅限互联网信息服务)。以及;。)",1
133,上海藤甲信息科技有限公司,存续,上海,"从事“计算机信息、网络、计算机”科技领域内技术开发、技术咨询、技术服务,房屋建设工程,建筑设计,商务咨询,企业管理咨询,文化艺术交流策划咨询,市场营销策划,企业形象策划,市场信息咨询与调查,会务服务,展览展示服务,电子商务,设计制作各类广告,利用自有媒体发布广告,通信工程。",1
134,绍兴易明艺术培训有限公司,存续,浙江,沙画、美术、跆拳道、棋类、少儿编程培训。,1
135,秦皇岛经济技术开发区七色鹿培训学校,正常,河北,语文、数学、英语、舞蹈、汉语言、感统、少儿编程,1
136,平顶山新思想教育咨询有限公司,存续,河南,教育咨询服务。,1
137,平阳县创斯美术培训有限公司,存续,浙江,美术培训;乐高机器人编程培训;少儿口才培训;课后辅导,1
138,献县酷睿培训学校有限公司,存续,河北,3-16岁青少年机器人教育、少儿编程、语文。,1
139,昆明市五华区智鱼教育培训学校,正常,云南,少儿机器人及编程培训。***,1
140,上海晓堰科技有限公司,存续,上海,"从事软件技术、网络技术、计算机技术领域内的技术开发、技术转让、技术咨询、技术服务,软件开发,商务咨询,网络工程。",1
141,千里码教育科技有限公司,存续,四川,"机器人编程技术推广服务,软件开发;教育咨询;组织文化交流活动;组织青少年科技活动;少儿文化服务;会议、展览及相关服务;销售:文化、体育用品及器材。()。",1
142,西安飞B教育培训中心有限公司,在业,陕西,机器人编程、少儿艺术、中小学课外文化课辅导,1
143,如皋市金欣培训中心有限公司金顺分公司,存续,江苏,美术培训;少儿编程培训;书法培训。,1
144,平阳县爱尚乐儿童机器人培训有限公司,存续,浙江,乐高机器人编程培训;亲子、少儿活动活动策划,1
145,米脂县浩卓培训学校有限公司,在业,陕西,许可经营项目:中小学生少儿编程培训、作业辅导。一般经营项目:无。,1
146,嘉兴朴灵计算机信息服务有限公司,存续,浙江,计算机信息服务;少儿编程培训。,1
147,天津市益方培训学校有限公司,存续,天津,少儿舞蹈、少儿主持人、少儿阅读与写作、少儿英语、少儿编程、少儿太极拳培训;儿童临时看护服务。,1
148,金乡县艾科瑞特创客培训学校有限公司,在业,山东,少儿创客培训、少儿编程培训(有效期限以批复为准)。,1
149,深圳图灵创新科技有限公司,存续,广东,计算机软硬件及网络的技术开发、技术转让、技术咨询、技术服务;教育咨询;计算机技术培训。^,1
150,沈阳市浑南区金榜学堂教育培训学校有限公司,存续,辽宁,英语、数学、生物、少儿编程、美术。,1
151,深圳市奕风传媒有限公司,存续,广东,"从事广告业务;文具用品、体育用品、首饰、工艺美术品的销售;经营电子商务;教育咨询;计算机技术培训;市场营销策划。,限制的项目须取得许可后方可经营)^",1
152,启东尼可人儿信息科技有限公司,存续,江苏,信息系统设计服务;服装、电子产品销售;预包装食品兼散装食品批发与零售。,1
153,如皋市金欣培训中心有限公司,存续,江苏,美术培训;少儿编程培训;书法培训。,1
154,深圳市奇幻机器人教育有限公司,存续,广东,"一般经营项目是:少儿机器人编程;机器人教育软件的研发、销售、租赁。,许可经营项目是:",1
155,丽水市圣盖博美术培训有限公司,存续,浙江,"开展美术、音乐、舞蹈、戏剧表演、积木搭建、少儿主持、少儿编程培训),教育信息咨询服务;食品零售。",1
156,固始县春风教育咨询有限公司,存续,河南,"教育咨询,少儿计算机编程,书法美术培训;教育教学用品销售。",1
157,上海轻帆网络科技有限公司,存续,上海,"从事网络科技领域内的技术开发、技术转让、技术服务、技术咨询,经营性互联网文化信息服务,软件开发,市场信息咨询与调查。",1
158,宝应县常春藤教育培训中心有限公司,存续,江苏,中小学文化课培训、快乐魔方大语文、幼少儿英语、晚辅、编程。,1
159,上海迈韵信息科技有限公司,存续,上海,"信息科技、网络科技、计算机、通信科技领域内的技术开发、技术咨询、技术服务、技术转让,商务咨询,企业形象策划,广告设计、制作,图文设计、制作,电子商务,会务服务,展览展示服务,从事货物及技术的进出口业务,销售计算机软件及辅助设备、建筑装潢材料、劳防用品、办公用品、日用百货。",1
160,平阳县邦宝培训学校有限公司,存续,浙江,少儿编程、思维培训培训服务(在民办学校办学许可证有效期限内经营)。,1
161,甘肃启慧教育咨询有限公司,存续,甘肃,机器人搭建与编程、语言表达能力咨询;少儿科学实验、大脑智力开发咨询服务。。,1
162,如皋昂首文化艺术培训中心有限公司,存续,江苏,呼吸作文、无诀珠心算、朗训英语、数学思维培训、少儿编程、自主美劳培训。,1
163,云南乐益达课外辅导培训学校有限公司,存续,云南,非学历科技类培训(机器人、少儿编程、科学实验),1
164,合肥隆庭沐码教育咨询有限公司,存续,安徽,教育信息咨询;教育产品的推广与销售;少儿机器人和少儿编程信息咨询;文化活动组织策划与交流,1
165,温州牧羊人儿童机器人培训有限公司,存续,浙江,儿童机器人编程培训;亲子、少儿活动策划;文化艺术交流活动组织、策划。,1
166,丽水晓语少儿计算机培训有限公司,存续,浙江,"开展少儿计算机培训、编程培训);计算机软硬件开发、技术服务、技术转让;广告设计、制作、发布;赛事活动、户外拓展活动的组织、策划、承办;教学设备,仪器仪表,计算机软硬件批发、零售(含网上销售)。",1
167,宁波市镇海区民欣教育培训学校有限公司,存续,浙江,文化类培训;美术、舞蹈、书法、播音与主持、乐器、音乐、少儿编程培训,1
168,合肥沐码爱恩教育咨询有限公司,存续,安徽,教育信息咨询;教育产品的推广与销售;少儿机器人技术咨询;少儿编程信息咨询;文化交流活动组织与策划。,1
169,大同市牛洱信息咨询有限公司,存续,山西,少儿编程技术推广服务;教育咨询;组织文化艺术交流活动;乐器销售;提供艺术文化咨询服务。,1
170,平阳县唯宝文化发展有限公司,存续,浙江,文化艺术交流活动策划;教育信息咨询服务;乐高机器人编程咨询服务;亲子、少儿活动组织策划;玩具、教具销售。,1
171,乐清市弈心围棋培训有限公司,存续,浙江,围棋、乐高机器人编程培训;亲子、少儿活动策划;文化艺术交流活动组织、策划;围棋用品、机器人教具销售。,1
172,宁波市快乐代码志愿服务中心,正常,浙江,"从事以编程为主的少儿科普公益活动。(依法须经批准的项目,经相关部门批准后方可开展业务活动)",1
173,合肥沐码教育科技有限公司,存续,安徽,教育软件的研发与销售;教育产品的研发、推广与销售;少儿机器人和少儿编程信息咨询;文化活动组织策划与交流;教育信息咨询。,1
174,温州猿创力儿童机器人培训有限公司,存续,浙江,乐高机器人编程培训;亲子、少儿活动策划;文化艺术交流活动组织策划。,1
175,张张艺术培训重庆有限公司,存续,重庆,美术培训、书法培训、舞蹈培训、普通话培训、陶艺培训、声乐与乐器培训、手工艺培训、少儿编程培训、机器人培训(以上范围)。,1
176,横山区艾卓创客编程室,在业,陕西,少儿编程、机器人制作、3D打印,1
177,平湖群兴体育有限公司,存续,浙江,开展武术、音乐、乐器、美术、舞蹈、体育、书法、棋艺、少儿主持、朗诵、模特、机器人编程、航模;零售:服装、鞋帽。,1
178,庆元云学糖艺术培训有限公司,存续,浙江,绘画、手工培训;少儿编程培训;组织策划文化艺术交流活动;文体用品、办公用品、电子产品销售。,1
179,潮州市塔能教育科技有限公司,在业,广东,"教育信息科技咨询,少儿积木创意拼搭,机器人操作服务、计算机编程技术服务,机器人赛事承办。",1
180,聊城腾辉教育科技有限公司,在业,山东,少儿编程软件开发服务;计算机软硬件的技术开发及销售;教学软件、计算机的技术开发、技术转让、技术咨询、技术服务;会议、展览展示服务。,1
181,邵阳极客晨星科技有限公司,存续,湖南,计算机技术开发、技术服务、技术转让;计算机科学技术研究服务;计算机少儿编程技术指导;组织文化交流活动;承办企业形象策划;销售计算机、软件及辅助设备;,1
182,乐清市蒙开围棋培训有限公司,存续,浙江,围棋培训;乐高机器人编程培训;亲子、少儿活动策划;文化艺术交流活动组织策划;围棋用品、机器人教具销售,1
183,乐清市奕韵坊围棋培训有限公司,存续,浙江,围棋、音乐培训;乐高机器人编程培训;亲子、少儿活动策划;文化艺术交流活动组织策划;围棋用品、机器人教具销售。,1
184,泰安市泰山区星起点教育培训学校有限公司,在业,山东,中小学体育舞蹈、美术、古筝、钢琴、声乐、口才、写作;少儿编程;小学、初中英语培训。,1
185,成都金时未来教育科技有限公司,存续,四川,计算机软硬件、电子科技、网络科技领域内的技术开发、技术咨询、技术转让、技术服务;教育咨询;商务咨询;网上贸易代理;电脑动画设计;图文设计;组织策划文化交流活动;设计、制作、代理、发布广告;企业形象策划;市场营销策划;企业管理咨询;销售:计算机软件及辅助设、文化用品、日用品、办公用品、电子产品、通讯设备。。,1
186,奔跑吧编程（长春）教育科技有限公司,存续,吉林,信息技术咨询服务;人工智能应用软件开发;物联网技术服务;动漫、游戏数字内容服务;应用软件开发及经营;基础软件开发及经营;计算机使用服务;教育咨询服务;游戏设计制作服务;数字动漫制作服务;软件定制开发及经营;教育辅助服务;少儿编程技术咨询服务;3D打印技术咨询服务;无人机技术咨询服务。。。,1
187,苍南奇思教育信息咨询有限公司,存续,浙江,教育信息咨询、乐高机器人编程咨询;亲子、少儿活动策划;文化艺术交流活动策划;玩具、机器人教具销售。,1
188,广东种子力量教育科技有限公司,在业,广东,"教学设备的研究开发;计算机技术开发、技术服务;教育咨询服务;网络信息技术推广服务;生物技术开发服务;文化推广;机械技术转让服务;电子产品设计服务;电子防伪系统技术开发、技术服务;货物进出口);网络技术的研究、开发;其他通信设备专业修理;通信设备零售;技术进出口;电子工程设计服务;策划创意服务;室内装饰设计服务;美术图案设计服务;包装装潢设计服务;计算机网络系统工程服务;电子产品批发;工艺美术品零售);文化传播;建筑工程、土木工程技术转让服务;建筑工程、土木工程技术咨询服务;生物技术推广服务;企业管理咨询服务;文化艺术咨询服务;企业形象策划服务;生物技术咨询、交流服务;文化研究;信息技术咨询服务;软件开发;商品信息咨询服务;商品批发贸易);软件服务;商品零售贸易);租赁交易咨询和担保(外商投资企业需持批文、批准证书经营);为留学人员提供创业、投资项目的信息咨询服务;心理咨询服务;人体科学的研究、开发;自然科学研究和试验发展;体育运动咨询服务;投资咨询服务;大型活动组织策划服务(大型活动指晚会、运动会、庆典、艺术和模特大赛、艺术节、电影节及公益演出、展览等,需专项审批的活动应在取得审批后方可经营);健康科学项目研究、开发;音频和视频设备租赁;场地租赁;家庭服务",1
189,上海蓝岭教育科技有限公司,存续,上海,"从事教育科技领域内的技术开发、技术咨询、技术服务、技术转让,商务信息咨询、企业管理咨询,文化艺术交流活动策划,计算机软件开发。",1
190,深圳市鸿枢教育培训有限公司,存续,广东,"一般经营项目是:书法培训;学术培训;花艺培训;音乐培训;舞蹈培训;少儿编程;教育培训。,许可经营项目是:",1
191,金华开发区乐达教育培训有限公司,存续,浙江,小学数学、小学语文、小学英语、小学科学、初中数学、初中语文、初中英语和初中科学、少儿编程、书画培训,1
192,乐清市优酷儿童机器人培训有限公司,存续,浙江,儿童机器人编程培训;文化艺术交流活动组织策划;亲子、少儿活动策划;提供儿童游乐服务;互联网信息服务;教育信息咨询;会议会展服务;编程技术开发、教育软件开发。,1
193,乐清市圣亚教育信息咨询有限公司,存续,浙江,教育信息咨询、乐高机器人编程咨询;亲子、少儿活动组织策划;文化艺术交流活动策划;玩具、机器人教具销售。,1
194,丽水市云朵儿美术培训有限公司,存续,浙江,"开展美术、音乐、舞蹈、棋类、书法、少儿模特、少儿编程培训);户外拓展活动组织、策划,体育赛事承办。",1
195,烟台市莱山区小艾无忧教育培训学校有限公司,在业,山东,儿童数学思维、汉语言文学、少儿编程业余培训。(有效期限以许可证为准)。,1
196,温州睿理儿童机器人培训有限公司,存续,浙江,乐高机器人编程培训;亲子、少儿活动策划;文化艺术交流活动组织策划;玩具、机器人教具销售;模型设计、制作。,1
197,宁波意程意码教育科技有限公司,存续,浙江,教育软件开发;少儿编程培训、计算机培训;计算机技术研发、技术转让、技术咨询;计算机系统集成;网络工程设计、施工。,1
198,平阳县榕林培训学校有限公司,存续,浙江,器乐、新概念英语、趣味科学、少儿编程培训。(在民办学校办学许可证有效期内经营),1
199,南京图灵艺术培训有限公司,存续,江苏,艺术培训;面向成年人开展的培训服务;组织照看放学后少年儿童;少儿编程培训;组织文化艺术交流;赛事活动策划。,1
200,西安莲湖爱以英语教育培训中心有限公司,在业,陕西,少儿英语、脑力开发、思维拓展、少儿编程培训;文化艺术交流活动的组织、策划;计算机网络技术的技术咨询;计算机软硬件的技术研发、技术咨询、技术服务、技术转让。,1
201,乐清火羽白音乐培训有限公司,存续,浙江,音乐、美术、乐高机器人编程、少儿拳击、舞蹈、小主持人、表演培训;乐器、文具、玩具、工艺礼品销售。,1
202,嘉兴亿浩艺术培训有限公司,存续,浙江,少儿表演培训、演讲培训、主持培训、书法培训、绘画培训、舞蹈培训、乐器培训、电脑编程创作培训、机器人编程设计培训;企业形象策划;演出策划;文化艺术交流活动;教育信息咨询。,1
203,柳州极客科技有限公司,存续,广西,计算机技术开发、技术服务、技术转让;计算机少儿编程技术交流;组织文化交流活动;企业形象策划;计算机、计算机软件及辅助设备、电子产品、办公用品的销售。,1
204,滁州福绘润智文化艺术咨询有限公司,存续,安徽,文化艺术信息咨询;美术、书法、少儿编程、音乐、乐器、舞蹈、播音培训;文化艺术交流活动策划;展览展示服务。,1
205,东湖区青少年机器人编程服务中心,在业,江西,少儿编程服务、人工智能机器人***服务,1
206,阜阳市N腾教育信息咨询有限公司,存续,安徽,"教育信息咨询、商务信息咨询、企业管理信息咨询,舞蹈赛事活动组织,演出活动组织,舞台艺术创作服务,文化艺术交流活动、体育艺术交流活动策划、咨询,企业形象策划,少儿编程信息咨询、幼儿积木搭建信息咨询。",1
207,广州旗博士科技有限公司,在业,广东,"电子、通信与自动控制技术研究、开发;雕塑工艺品制造);金属工艺品制造;天然植物纤维编织工艺品制造;刺绣工艺品制造;玻璃工艺品制造;木制、塑料、皮革日用品零售;软木制品及其他木制品制造;木质装饰材料零售;人造纤维编织工艺品制造;抽纱刺绣工艺品制造;花画工艺品制造;漆器工艺品制造;茶叶作物及饮料作物批发;工艺品批发);民间工艺品制造);科技信息咨询服务;软件开发;软件服务;网络技术的研究、开发;计算机技术开发、技术服务;玩具零售;电子元器件零售;计算机批发;电子元器件批发;智能化安装工程服务;室内装饰、装修;教育咨询服务;机械配件零售;电子产品零售;信息技术咨询服务;电子设备工程安装服务;电子产品批发;计算机零配件批发;会议及展览服务;软件批发;软件零售;大型活动组织策划服务(大型活动指晚会、运动会、庆典、艺术和模特大赛、艺术节、电影节及公益演出、展览等,需专项审批的活动应在取得审批后方可经营);计算机零售;小饰物、小礼品零售;百货零售);日用杂品综合零售;文具用品零售;工艺美术品零售);互联网商品零售);时装设计服务;包装装潢设计服务;多媒体设计服务;动漫及衍生产品设计服务;",1
208,杭州乐学考培训学校有限公司,存续,浙江,"服务:非学历文化教育,美术培训,音乐培训,书法培训,少儿编程培训;销售:文教用品。",1
209,峨眉山市嘉码青少年科技编程培训中心,存续,四川,"少儿编程学习,青少年益智训练。",1
210,北京科达思教育科技有限公司,在业,北京,"技术开发、技术转让、技术咨询、技术服务、技术推广;计算机系统服务;数据处理(数据处理中的银行卡中心、PUE值在1.4以上的云计算数据中心除外);应用软件服务;基础软件服务;软件开发;软件咨询;企业策划、设计;公共关系服务;设计、制作、代理、发布广告;会议服务;承办展览展示活动;组织文化艺术交流活动;文化咨询;教育咨询);产品设计;翻译服务;企业管理咨询;出租办公用房;出租商业用房;销售计算机、软件及辅助设备、仪器仪表、电子产品、通讯设备、机械设备、汽车零配件、日用品、服装、鞋帽、玩具、文化用品、家用电器、体育用品、箱包、珠宝首饰、食品添加剂、化工产品、五金交电;互联网信息服务;出版物零售;广播电视节目制作;从事互联网文化活动。(企业依法自主选择经营项目,开展经营活动;从事互联网文化活动、出版物零售、互联网信息服务、广播电视节目制作以及;。)",1
211,扬州市司马兔课外教育培训有限公司,存续,江苏,中小学生文化课培训、艺术启蒙、少儿编程、少儿英语主持、晚辅。(经营范围以登记机关核准为准),1
212,陇南美睿达教育咨询服务有限公司,存续,甘肃,"音乐、舞蹈、绘画专业咨询服务,教育咨询服务,文化艺术交流策划,礼仪庆典服务,会议会展服务,少儿机器人编程,乐器租赁。",1
213,深圳市学之舟文化传播有限公司,存续,广东,"一般经营项目是:户外拓展活动策划;文化交流活动策划;少儿编程培训;艺术培训。,许可经营项目是:校外托管服务(含餐饮服务)。",1
214,瑞昌市瑞智科教培训中心有限公司,存续,江西,"乐高课程、青少儿机器人、少儿编程、创客、逻辑狗、益智教具培训(民办学校办学许可证有效期限至2020年6月2日止),益智教具销售**",1
215,上海励乾软件科技有限公司,存续,上海,"从事计算机科技领域内的技术开发、技术转让、技术服务、技术咨询,网络科技,商务信息咨询,市场信息咨询与调查,保洁服务,五金产品、汽摩配件、计算机、软件及辅助设备、工艺品)、体育用品、服装服饰、日用百货的销售。",1
216,阜阳市布丁教育信息咨询有限公司,存续,安徽,"教育信息咨询、商务信息咨询、企业管理信息咨询,舞蹈赛事活动组织,演出活动组织,舞台艺术创作服务,文化艺术交流活动、体育艺术交流活动策划、咨询,企业形象策划,少儿编程信息咨询、幼儿积木搭建信息咨询。",1
218,杭州几荷文艺教育科技有限公司,存续,浙江,技术开发、技术服务:教育软件;服务:舞蹈培训、钢琴培训、声乐培训、书法培训、演讲培训、少儿编程培训、棋类培训(以上仅限艺术特长培训)。,1
219,重庆程星程易网络科技有限责任公司,存续,重庆,"计算机领域内的技术开发,技术咨询,技术转让,技术服务,人工智能的研发与推广;网络工程技术开发;计算机培训;少儿编程培训。(须经审批的经营项目,取得审批后方可从事经营)",1
220,沧州市运河区智通教育培训学校有限公司,存续,河北,科技普及、学科培训(少儿编程、小学语文、数学、英语、口才)(有效期至2023年5月23日)**,1
221,乐清瑞斯儿童机器人培训有限公司,存续,浙江,乐高机器人编程、美术、舞蹈、跆拳道、音乐培训;亲子、少儿活动策划;文化艺术交流活动组织策划;玩具、机器人教具销售;模型设计、制作。,1
222,深圳市龙岗区领慧启智少儿培训中心,存续,广东,"少儿棋类培训,美术书法培训,机器人及编程培训;",1
223,合肥魔节信息科技有限公司,存续,安徽,计算机软件技术咨询;集成基础软件服务;计算机软硬件技术研发、技术服务、技术转让、技术咨询、销售;计算机系统集成;科技信息咨询;计算机信息咨询;少儿编程信息咨询。,1
225,北流市贝乐思文化艺术有限公司,存续,广西,"舞蹈艺术指导,跆拳道艺术指导,书法艺术指导,美术艺术指导,少儿编程指导,舞蹈休闲健身场所服务;组织文化艺术交流服务;舞台道具出租服务;文具用品、服装、玩具销售。",1
226,镇江东方贝乐英语培训有限公司,存续,江苏,少儿英语培训;文化艺术交流活动组织、策划;市场营销策划;企业形象策划;商务信息咨询;会务服务;玩具销售;机器人操作指导服务;机器人编程及技术服务。,1
227,如皋昂首文化艺术培训中心有限公司金诚分公司,存续,江苏,呼吸作文、无诀珠心算、朗训英语、数学思维培训、少儿编程、自主美劳培训。,1
228,徽县博容克信息咨询有限责任公司,存续,甘肃,教育项目的开发及咨询服务;课后餐饮服务;文化信息咨询;餐饮服务咨询;企业内部员工的培训;艺术培训;书法、国学、少儿编程、语言培训;户外拓展训练;教学仪器、教学设备及教学用品的研发、销售;***,1
229,新起点安特思库（宜都）教育培训有限公司,存续,湖北,文化类(辅助教育)培训(表象绘画、表象积木、阅智慧、少儿编程、国际英语、科学实验、多元艺术、语文、数学等)(筹设)**,1
230,乐清市蒙开围棋培训有限公司白象分公司,存续,浙江,围棋培训;乐高机器人编程培训;亲子、少儿活动策划;文化艺术交流活动组织策划;围棋用品、机器人教具销售。,1
231,滨州鸥客教育科技有限公司,在业,山东,从事教育科技领域内的技术开发、技术转让、技术咨询、技术服务;计算机硬件开发、销售;少儿编程推广、咨询服务;文化交流活动组织、展览展示服务。(;。),1
232,济南市历下区童程童美培训学校有限公司,在业,山东,非学历:少儿编程培训、语文培训、数学培训、英语培训(有效期以许可证为准);销售:文具用品。,1
233,重庆霁阳心理咨询有限公司,存续,重庆,"心理咨询,健康管理咨询,商务信息咨询,企业管理咨询,承办经批准的文化艺术交流活动;销售:办公用品、文化用品;学生课后看护服务(;);少儿编程培训;市场调研。",1
234,爱特教育科技（佛山）有限公司,在业,广东,"教育科技研发;编程技术与软件开发、推广服务;教育信息咨询(,);企业管理咨询及培训;文化艺术交流服务、活动组织策划;销售:计算机产品、少儿益智产品。",1
235,南通博得教育咨询有限公司,存续,江苏,教育咨询;软件开发。,1
236,温州瓯海百机拉机器人培训有限公司,存续,浙江,儿童机器人编程培训信息咨询;计算机信息技术开发、技术推广、技术应用;计算机软件开发、推广;销售电子产品;教育信息咨询;亲子、少儿活动策划;文化艺术交流活动组织、策划。,1
237,长春市极客晨星教育科技有限公司,存续,吉林,教育辅助服务;教育技术开发、技术转让、技术咨询、技术服务;教育信息咨询;软件开发;计算机信息咨询;少儿编程、机器人信息咨询;组织文化交流活动;承办展览展示;企业形象策划;销售计算机、软件及辅助设备。,1
238,深圳市鹏杰信息科技有限公司,存续,广东,信息技术服务、教育软件的销售;教育培训;少儿编程培训;教育信息咨询、文化活动的策划;教育软件的研发;计算机应用技术、互联网技术、网络技术开发及技术服务;国内贸易、经营进出口业务。,1
239,安徽多嗨教育科技有限公司,存续,安徽,教育软件、教育产品的研发、推广与销售;教育信息咨询;少儿机器人和少儿编程信息咨询;文化活动组织策划与交流;文具用品、工艺品、玩具、日用品、服装、影像制品、电子出版物、图书批发兼零售。,1
240,聊城市辰然电子科技有限责任公司,在业,山东,少儿编程、机器人技术咨询;儿童玩具、儿童游乐设备、机器人教具模具、文化用品批发零售;儿童室内游乐场管理服务;展览展示及会议服务。,1
241,乐清市童创儿童机器人培训有限公司,存续,浙江,儿童机器人编程培训;儿童室内游乐服务;亲子、少儿活动策划;教育信息咨询;儿童娱乐设备技术领域内的技术开发、技术转让、技术服务、技术咨询;玩具、机器人教具销售;模型设计、制作。,1
242,海盐英嘉教育培训有限公司,存续,浙江,中小学文化课程辅导;绘画、音乐、少儿编程、舞蹈、书法培训;电子技术、教学软件、电子智能产品技术开发、技术咨询、技术转让、技术服务。,1
243,瑞昌市智趣益智培训中心有限公司,存续,江西,"乐高、少儿机器人、少儿编程、创客、逻辑狗、益智玩教具培训(民办学校办学许可证有效期限至2020年1月10日止),益智玩教具销售**",1
244,江苏人和体育培训有限公司,存续,江苏,"跆拳道、武术散打、泰拳、柔道、双节棍、菲律宾棍、综合格斗培训,绘画培训,书法培训,五子棋、围棋、象棋培训,舞蹈培训,声乐培训,少儿编程培训,乐高机器人培训,口才培训,健身服务,赛事活动的组织策划,企业形象策划,体育用品,办公用品,日用百货的销售。",1
245,创兴编诚（深圳）教育咨询有限公司,存续,广东,"一般经营项目是:乐器、舞蹈、书法、美术、少儿编程的培训;教育信息咨询。,限制的项目须取得许可后方可经营),许可经营项目是:",1
246,深圳市良师益友智能科技投资中心,存续,广东,"创业投资,投资咨询;企业管理咨询;托育,机器人编程和人工智能教材和课程开发,幼少儿课外实践研学活动策划、组织;幼少儿素质启蒙研究与开发;教育产业投资",1
247,东莞市安特思库教育咨询有限公司,在业,广东,"教育咨询服务;艺术培训(国家学校教育制度以外的艺术培训活动);婴幼儿早期智力开发;有关婴幼儿教育方面的咨询;少儿编程教育课程的技术研发;语言能力培训(国家学校教育制度以外的语言能力培训,且)。",1
248,南京小码王科技培训有限公司,存续,江苏,科技培训;计算机培训;少儿编程培训;计算机软硬件技术研发、技术服务、技术转让、技术咨询、销售;计算机系统集成;网络工程设计、施工;面向中小学生开展的艺术培训、体育培训。),1
249,惠州市家有雄孩科技服务有限公司,在业,广东,少儿编程技术与运用;机器人技术学习与运用;创业技术与策划;文化艺术交流与策划;网络工程、网站建设技术、软件技术开发与销售;销售教仪教具、办公用品。,1
250,惠州市优创未来教育投资服务有限公司,在业,广东,教育项目投资咨询;少儿编程技术与运用;机器人技术学习与运用;创意技术与策划;文化艺术交流与策划;午托服务;网络工程、网站建设技术、软件技术开发与销售;销售教仪教育、办公用品。,1
251,宿州乐教儿儿童教育科技有限公司,存续,安徽,少儿教育软件开发及咨询;少儿科学教育启蒙;机器人编程、推广及咨询;教育咨询服务;互联网信息服务;儿童室内游戏娱乐服务;玩具拼搭、电子产品、电脑软件及辅助产品批发与零售;教育设备产品、文化用品、玩具、儿童生活用品销售。,1
252,咸阳乐博创客教育科技有限公司,在业,陕西,创客空间技术服务;科技教育产品、教学机器人设备和器材、实验室设备的研发及销售;少儿创造力开发、乐高搭建及编程;科学文化交流活动组织策划。,1
253,深圳梅沙科技有限公司,存续,广东,互联网应用技术的研发;应用软件、办公软件、系统集成软件的研发及销售;电子产品的研发及销售;网络技术服务。)^互联网信息服务业务。,1
254,安徽东方启迪教育科技有限公司,存续,安徽,教育软件、教育产品的研发、销售及技术服务;教育信息咨询;教育文化活动组织及策划;少儿机器人和少儿编程信息咨询;拓展训练;音乐器材、文具用品、工艺品、儿童玩具、日用品、电子出版物、图书、服装、影像制品销售。,1
255,宁波东钱湖旅游度假区彩趣艺术培训有限公司,存续,浙江,"美术培训,书法培训,陶艺培训,棋类培训,少儿编程培训,室内游乐服务,文体用品的零售,场地租赁,文艺创作,组织文化艺术交流活动。",1
256,扬中市米鹿少儿培训中心,存续,江苏,声乐、舞蹈、美术、书法、体育、乐器、少儿编程、语言类、形体、陶艺制作培训;绘本阅读服务;少儿心理辅导;儿童临时看护服务。,1
257,乐清市乐炫儿童机器人培训有限公司,存续,浙江,乐高机器人编程培训;亲子、少儿活动策划;文化艺术交流活动组织策划;玩具、机器人教具销售;模型设计、制作。,1
258,南京小码王科技培训有限公司龙江分公司,存续,江苏,科技培训;计算机培训;少儿编程培训;计算机软硬件技术研发、技术服务、技术转让、技术咨询、销售;计算机系统集成;网络工程设计、施工;面向中小学生开展的艺术培训、体育培训。,1
259,六安优乐机器人科技发展有限公司,存续,安徽,"少儿机器人编程软件开发及销售,积木游戏服务,室内娱乐游戏,积木教程咨询服务,儿童娱乐活动策划,亲子活动策划,团队活动策划,文化艺术交流活动策划,电子领域内的技术开发及信息咨询,玩具租赁及销售。",1
260,丽水市澳洋美术培训有限公司,存续,浙江,"开展美术、书法、舞蹈、乐器、棋类、少儿编程培训),教育文化产品研发,教育软件开发,教育信息咨询服务,文化艺术交流活动、赛事活动、户外拓展活动组织、策划,广告制作、代理、发布;电子产品,工艺品批发、零售。",1
261,西安莲湖爱以英语教育培训中心有限公司大寨路分公司,在业,陕西,少儿英语、脑力开发、思维拓展、少儿编程培训;文化艺术交流活动的组织、策划;计算机网络技术的技术咨询;计算机硬件的技术研发、技术咨询、技术服务、技术转让。,1
262,安徽同源同码信息科技有限公司,存续,安徽,信息科技领域的技术开发、技术转让、技术咨询、技术推广、技术服务;基础软件、应用软件服务软件开发及咨询;教育软件的研发与销售;教育产品的研发、推广与销售;少儿机器人和少儿编程信息咨询;文化活动组织策划与交流;教育信息咨询;计算机软硬件及辅助设备零售。,1
263,重庆昂文艺术培训有限公司,存续,重庆,"美术培训、书法培训、口语表达培训、阅读理解能力培训、逻辑思维训练、珠心算培训、机器人培训、少儿编程培训、舞蹈培训。(依法须经审批的经营项目,经相关部门批准后方可开展经营活动)",1
264,上海触艺信息技术有限公司,存续,上海,"从事信息技术、计算机科技领域内的技术开发、技术咨询、技术服务、技术转让,计算机信息系统集成,计算机服务,计算机软件开发,动漫设计,设计、制作各类广告,利用自有媒体发布广告,自有设备租赁,计算机、软件及辅助设备的批发、零售。",1
265,滁州塔克智能科技有限公司,存续,安徽,机器人研发与销售;软件开发;积木搭建培训;少儿编程、编程课程体系开发推广;人工智能技术开发;智能家居系统开发;变电站智能硬件技术开发与应用;企业形象策划;展览展示、会议服务;设计、制作、代理、发布国内各类广告。,1
266,海宁市子言培训学校有限公司,存续,浙江,文化类非学历教育(凭有效民办学校办学许可证经营);少儿编程、书法、美术、演讲培训;会议及展览展示服务;文具用品、日用品、预包装食品批发。,1
267,育英博（深圳）商务咨询有限公司,存续,广东,企业管理咨询;商业信息咨询;经济信息咨询;婴幼儿早期教育培训;婴幼儿早期智力开发;教育咨询;教育培训;英语语言培训;美术培训;书法培训;舞蹈培训;钢琴培训;跆拳道培训;器乐培训;声乐培训;高尔夫培训;少儿编程课程;动漫设计;玩具设计;儿童乐园的设计;儿童摄影服务。,1
268,商都县智慧侠儿童智能体验馆,存续,内蒙古,少儿编程教育、STEAM科学实验,1
269,南京愉研社教育科技有限公司,存续,江苏,教育软硬件的技术研发、技术服务、销售;组织文化艺术交流活动;文化用品、办公用品销售;家政服务;商务信息咨询;面向成年人或儿童开展的艺术培训、科技培训、体育培训;组织照看放学的少年儿童;少儿编程培训。,1
270,衡阳仰思科技有限公司,存续,湖南,信息技术咨询服务;信息系统集成服务;软件技术转让;少儿编程教育;各类教育的教学检测和评价活动;互联网信息技术咨询;智能化技术服务;电子产品、智能化技术、物联网技术的研发;网络集成系统建设、维护、运营、租赁。,1
271,咸阳极客乐博创客教育科技有限公司,在业,陕西,创客空间技术服务;科技教育产品、教学机器人设备和器材、实验室设备的研发及销售;少儿创造力开发、乐高搭建及编程;科学文化交流活动组织策划。,1
272,宁波美瑞艺术培训有限公司,存续,浙江,美术培训;民族舞培训;拉丁舞培训;书法培训;器乐培训;声乐培训;棋类培训;表演培训;体育培训;跆拳道培训;武术培训;少儿科技培训;乐高机器人及编程培训;广告设计;艺术创作;园林设计;商务信息咨询服务;乐器、艺术品、花木的批发、零售。,1
273,青岛亿代码科技有限公司,在业,山东,"计算机技术开发、技术转让、技术咨询、技术服务,软件销售、技术开发、技术咨询、技术服务,广告设计、制作、代理、发布,教育信息咨询(,中介服务除外),网站建设。计算机技术培训、少儿编程培训(以上项目依据人社局颁发的许可证进行经营活动)",1
274,龙川县老隆镇兜爱文化培训中心（新城分店）,在业,广东,乐高少儿编程课程。,1
275,杭州安瑞儿教育科技有限责任公司,存续,浙江,"教育软件的技术开发、技术服务、技术咨询、成果转让;教学设备、文化用品、体育用品、办公用品的销售;图书报刊、电子出版物的零售;文化艺术交流活动策划,组织;教育信息咨询;书法培训;绘画培训;阅读培训);少儿编程培训;机器人培训。",1
276,达拉特旗蓝莓果教育培训有限公司,存续,内蒙古,美工描红;国学文化;创意编程;思维城堡;魔法王国;语言沟通;音乐律动;体能训练;少儿英语;专注力训练。(民办学校办学许可证有效期至2021年8月27日)。,1
277,宿迁玛酷少儿托管服务有限公司,存续,江苏,受托为中小学生及幼儿提供接送、住宿、看护、餐饮服务;幼儿托管服务。机器人研发及机器人科技信息咨询;艺术培训、编程培训、科学实验。,1
278,济南美氪空间培训学校有限公司,在业,山东,无人机飞行及编程培训、机器人搭建及编程培训、3D打印创意课程培训、少儿编程培训、创意智造培训(有效期至2023年1月5日);教育信息咨询;展览展示服务;企业营销策划;企业形象策划;组织文化艺术交流活动。,1
279,宁波市明扬文化传媒有限责任公司,存续,浙江,"图书、报纸、期刊、音像制品、电子出版物出租;计算机软件服务;文艺创作;表演服务;书法艺术培训及创作交流;主持人与表演培训,少儿模特造型与个体形象设计,少儿计算机编程培训与乐高机器人培训;少儿舞蹈培训,少儿摄影培训。艺术咨询,组织策划各类文艺汇演。",1
280,安庆景博教育信息科技有限公司,存续,安徽,教育软件的技术研发、技术推广服务;教育信息咨询服务;商务信息咨询服务;少儿编程咨询服务;计算机软硬件技术开发、技术转让、技术咨询服务;文化艺术交流活动策划;展览展示服务;企业管理咨询服务;市场营销策划服务;计算机软硬件及辅助设备、玩具、办公用品、文体用品销售。,1
281,运城市盐湖区星胜教育咨询有限公司,存续,山西,"教育咨询服务;智能机器人研发及销售;智能机器人组装及编程的技术咨询、技术服务;软件和信息技术服务;儿童室内游戏娱乐服务;少儿文化体育服务;批发、零售:文化用品),电子产品。****",1
282,瑞昌市智趣益智培训中心有限公司金铭福邸分公司,存续,江西,"乐高、少儿机器人、少儿编程、创客、逻辑狗、益智玩教具培训(民办学校办学许可证有效期限至2020年4月21日止),益智玩教具销售**",1
283,深圳邦大教育文化有限公司,存续,广东,"一般经营项目是:舞蹈、声乐、器乐、美术、书法的培训;文化活动策划;跆拳道培训;文化活动策划;武术文化咨询;信息咨询;体育活动策划;舞台形象设计;校园阅读系统的研发销售;文化活动策划;教育信息咨询;乐器的培训;少儿舞台表演艺术培训;少儿演讲口才的培训;少儿科创项目培训;青少年人工智能编程培训;教育培训;乐器的销售;学生文具、办公用品、文化用品、益智产品的研发销售。,许可经营项目是:",1
284,淄博希子晗教育培训学校有限公司,在业,山东,科学实验、少儿编程培训(有效期限以许可证为准);教育信息咨询;心理咨询服务;教具、软件、教育产品的开发及销售;图书批发、零售;展览展示服务;会议服务。**,1
285,杭州创阳教育科技有限公司,存续,浙江,"服务:教学仪器研发、技术服务,画画培训,书法培训,少儿编程培训,口才培训,思维培训,组织文化艺术交流活动,会务服务,展览展示服务,图书租赁;零售:图书报刊(凭有效许可证经营),文体用品,玩具,电子产品,办公设备。",1
286,重庆寻艺文化创意有限公司,存续,重庆,文化创意策划;美术培训;文艺创作;承办经批准的文化艺术交流活动;电脑图文设计);电脑动画设计);少儿编程培训;展览展示服务;摄像服务;影视策划;礼仪服务;销售:儿童服饰、文化用品、体育用品、工艺美术品)、字画。**,1
287,贵阳市南明区羽朗教育培训中心有限公司,存续,贵州,"法律、法规、国务院决定规定禁止的不得经营;法律、法规、国务院决定规定应当许可(审批)的,经审批机关批准后凭许可(审批)文件经营;法律、法规、国务院决定规定无需许可(审批)的,市场主体自主选择经营。(英语口语少儿编程(持证经营))",1
288,兴宁市贝乐艺术培训江湾御景店,在业,广东,舞蹈、绘画、音乐、跆拳道培训服务;少儿编程培训。,1
289,博惠教育科技（上海）有限公司,存续,上海,"从事教育科技、网络技术、软件技术、智能技术、计算机技术、信息技术领域内的技术开发、技术转让、技术咨询、技术服务,网络科技,智能化管理系统技术开发应用,自主基础软件服务,云平台服务,创意服务,文化艺术交流策划,电子商务,计算机、软件及辅助设备、办公用品、文具用品、电子产品的销售,从事货物及技术进出口业务,电信业务。",1
290,温州泺喜艺术培训有限公司,存续,浙江,少儿机器人制作及编程培训;少儿音乐、舞蹈、绘画、陶艺、泥塑、摄影、手动制作、科学探究培训;与教育有关的仪器设备研发、销售;与教育有关的技术研究、开发、推广;计算机软件及辅助设备、电子产品、文具用品、仪器仪表、玩具销售;教育信息咨询;会议及展览服务;组织文化艺术交流活动,1
291,松原市鑫睿教育咨询有限公司,存续,吉林,文化、教育类杂志零售;教育信息咨询、教育教学研究与咨询、教育教学方法的研究与推广、文化艺术交流活动组织、赛事活动的策划组织与推广、教育机器人咨询、少儿编程咨询、文化艺术咨询服务);机器人及电子产品的技术开发、教育技术开发、教育软件、网络技术的研究、开发;技术咨询、技术服务、企业管理咨询服务、商务服务、企业形象策划、办公用品销售、文化用品销售、玩具销售;室内娱乐活动。。,1
292,毕节方程仕科技教育有限公司,存续,贵州,"法律、法规、国务院决定规定禁止的不得经营;法律、法规、国务院决定规定应当许可(审批)的,经审批机关批准后凭许可(审批)文件经营;法律、法规、国务院决定规定无需许可(审批)的,市场主体自主选择经营。(科技类兴趣少儿编程,儿童课外兴趣类知识培训,非教育课本类兴趣知识培训,机器人少儿编程科技类兴趣咨询及服务、文化交流、文化传播、文艺创作及模型设计、少儿编程信息咨询、少儿编程信息管理、编程管理咨询、承办展览展示活动、组织文化艺术交流活动、销售模型文化用品)",1
293,杭州钟书堂教育科技有限公司,存续,浙江,教育技术、教育软件的技术开发、技术服务、技术咨询、成果转让;文教用品、科教设备器材、图书、文体用品的销售;成年人的非证书劳动职业技能培训);教育信息咨询;文化艺术交流活动策划、组织;书法培训;国画培训;阅读培训);少儿编程培训;机器人培训;成年人国学培训。,1
294,崇义县奇巧少儿机器人体验馆,在业,江西,儿童玩具、学习用品、文化用品、体育用品零售;少儿玩具机器人组装租赁、编程及操作指导、组织策划、文化交流活动服务。,1
295,正阳县左达口才表演工作室,存续,河南,口才演讲、绘画、书法、乐器、舞蹈、少儿编程、文艺创作与表演,1
296,泉州市征途信息科技有限公司,存续,福建,"信息技术研发、技术服务、技术咨询,教育咨询;软件开发;计算机软、硬件销售;网络工程设计施工。",1
297,重庆循优教育科技有限公司,存续,重庆,教育科技、软件的技术研发、技术咨询、技术服务、技术转让;教育项目与教育科研文献研究与开发;文化活动策划;承办经批准的文化艺术交流活动;企业管理咨询;企业形象设计;旅游信息咨询服务;销售教育文化用品、文具;翻译服务;体育赛事活动策划、户外活动策划;声乐培训、舞蹈培训、美术培训、书法培训、少儿编程培训(以上范围均)。,1
298,湖州土木狗网络有限公司,存续,浙江,计算机软件研发、销售;广告设计、制作;建筑工程与室内装潢工程设计;教育信息咨询服务;家政服务。,1
299,南京小码王科技培训有限公司仙林分公司,存续,江苏,科技培训;计算机培训;少儿编程培训;计算机软硬件研发、技术服务、技术转让、技术咨询、销售;计算机系统集成;网络工程设计、施工;面向中小学生开展的艺术培训、体育培训。,1
300,丽水市莲都区凌芸教育培训学校有限公司,存续,浙江,"文化课培训,开展思维拓展、户外拓展、棋类、舞蹈、美术、少儿编程、积木搭建培训,教育信息咨询,餐饮服务(须取得有效食品经营许可证(或登记证)、环保审批意见等方可经营,如还需其他部门审批的须取得相关部门的审批意见)。",1
301,深圳点趣教育科技有限公司,存续,广东,"信息技术咨询,技术转让及销售,技术维护,计算机编程,少儿编程,智能机器人,计算机培训;计算机软件设计;软件研发;出国留学中介服务;教育咨询;企业管理咨询;心理咨询;儿童智力潜能开发;文化交流与活动策划;经营电子商务,电脑动画设计,文化活动策划;销售文具用品,文化用品,体育用品,电子产品;国内贸易;进出口贸易。",1
302,安徽昆颖教育咨询有限公司,存续,安徽,教育信息咨询;教育项目研发;体育运动项目经营;文化艺术活动策划;展览展示服务;组织文化艺术交流;电子产品、日用品、工艺品、服装、鞋帽、办公文化用品销售。夏令营、拓展训练活动策划;声乐咨询指导;舞蹈咨询指导;绘画咨询指导;书法咨询指导、考级信息咨询服务;围棋咨询指导;模特礼仪培训咨询;少儿机器人技术咨询、少儿编程信息咨询;全脑开发咨询服务。,1
303,大同市城区华沁教育科技有限公司,存续,山西,"少儿编程技术推广服务;教育咨询;计算机技术咨询;组织文化艺术交流活动;设计、制作、代理、发布广告;企业管理咨询;企业策划;计算机系统服务;软件设计;翻译服务;会议服务;计算机网络集成设备;广播会议系统;网络管线,电线电缆;办公自动化设备;电气设备;办公用品;灯光音响;监控报警系统;系统集成网络维护。",1
304,如皋山竹艺术培训有限公司,存续,江苏,"书法、绘画、陶艺、雕塑、儿童摄影、音乐、舞蹈、乐器、形体、跆拳道、轮滑、魔方、棋类、机器人编程、少儿演讲与口才培训;儿童临时看护(,);文化艺术交流策划;企业形象策划;市场营销策划;办公设备、仪器、教具、玩具、乐器、工艺品销售;",1
305,宜春市宜阳新区极客晨星计算机培训中心有限公司,存续,江西,"少儿编程培训(民办学校办学许可证有效期至2022-07-18);计算机技术服务,计算机软件开发及销售,教育信息咨询;会议会展服务、承办展览展示、教育文化活动组织策划、教育文化交流;文化用品销售。",1
306,杭州童语教育科技有限公司,存续,浙江,"服务:教育软件技术开发,计算机软硬件开发、技术咨询、技术服务、技术转让,计算机信息咨询,体能培训,小型室内游乐,电子竞技赛事组织策划,体育赛事活动组织策划,少儿编程培训,文化艺术交流活动组织策划,展览展示服务,批发零售(含网上销售):玩具,教具,计算机软硬件。",1
307,深圳贝辰科技有限公司,存续,广东,"一般经营项目是:电子科技技术研发及推广;信息技术开发、技术咨询与技术服务;国内贸易;经营电子商务;通讯设备、计算机软件及辅助设备、电子产品、文体办公用品、五金交电、仪器仪表、机电产品、日用百货、编程机器人、人工智能产品的研发及销售;教育信息咨询;教育培训;青少儿编程培训。,许可经营项目是:讯设备、计算机软件及辅助设备、电子产品、文体办公用品、五金交电、仪器仪表、机电产品、日用百货、编程机器人、人工智能产品的生产。",1
308,浙江天艾信息技术有限公司,存续,浙江,"服务:第二类增值电信业务中的信息服务业务(限互联网信息服务业务)(凭有效许可证经营),计算机软硬件及网络设备的技术开发、咨询,计算机技术服务,电子商务平台开发,成年人的非证书劳动职业技能培训),青少儿编程培训;其他无需报经审批的一切合法项目。",1
309,东莞巨壳教育科技有限公司,在业,广东,机器人教具的技术研发、销售及技术咨询;少儿编程教育课程的技术研发、技术转让、技术咨询;青少年编程比赛活动策划、创客赛事活动策划、文化艺术交流活动策划及组织;承办机器人展览展示活动;机器人玩具的销售;机器人营销信息咨询;计算机硬件及软件开发;互联网技术服务;互联网技术转让;互联网技术推广;互联网文化活动组织策划。,1
310,杭州钱水润苗培训学校有限公司,存续,浙江,"服务:非学历文化教育(中小学文化学科类培训)(凭有效许可证经营),文化艺术交流活动策划,书画培训,舞蹈培训,音乐培训,口才培训,跆拳道培训,围棋培训,少儿编程培训,少儿茶艺培训,插花培训,声乐培训;批发、零售:文化用品,办公用品,图书、报刊(凭有效许可证经营);其他无需报经审批的一切合法项目。",1
311,重庆教育大数据研究院有限公司,存续,重庆,教育大数据分析与采集;招生、招考教育信息交流、咨询服务;计算机软硬件及网络设备的研发与销售;计算机系统集成及相关技术服务;教育软件的技术研发、技术转让、技术服务、技术咨询;人力资源管理;研学旅行策划;教育教学质量监测评估;企业管理咨询;心理咨询;培训舞蹈、美术、书法、声乐、钢琴、吉他、古筝、播音主持、表演艺术、少儿编程、机器人编程、演讲与口才(均);经营增值电信业务;设计、制作、代理、发布国内外广告;会务及展览展示服务;销售教具、文具、教学仪器、办公用品、文化用品、图书。*,1
312,泰安市才语教育培训学校有限公司,在业,山东,"播音主持、演讲与口才、戏剧与戏曲,作文、书法、美术,舞蹈、少儿编程、音乐培训;教育信息咨询;文化艺术交流活动组织与策划;企业及个人形象设计;拓展训练;户外活动组织策划;研学旅行;图文、平面设计及制作;会议会展服务;礼仪庆典服务;舞台道具租赁。",1
313,深圳市博睿教育文化发展有限公司,存续,广东,教育信息咨询;教育培训;美术、书法、播音主持、音乐、舞蹈培训;国学文化推广;少儿阅读、写作指导;夏令营、文化艺术活动策划;计算机编程、动漫设计;网络远程教育;教育软件研发与销售;记忆力、专注力、学习方法指导;趣味性课程、探究性课程研发。^,1
314,鄂尔多斯市东胜区美度艺术培训学校有限公司,存续,内蒙古,艺术、书法、口才、识字文化课培训(办学许可证有效期:2019年11月1日-2022年10月31日);研学游学咨询服务;教育咨询;少儿机器人编程教育咨询服务;画材、文具、字画装裱销售;图书零售。,1
315,西安环形山软件科技有限公司,在业,陕西,教育软件的开发及销售;教学仪器的销售及安装;教学设备的研发、销售;计算机网络信息科技领域内的技术咨询、技术服务、技术转让;企业内部职(员)工培训;计算机物联网软硬件的技术开发、技术转让、技术咨询;少儿编程软件研发;计算机信息系统集成;网站建设;平面设计;通信工程、计算机网络工程的设计、施工;企业管理咨询。,1
316,全南县卓越教育信息咨询有限公司,存续,江西,"教育信息咨询服务、心理咨询服务、文化艺术交流活动、技术交流与咨询服务、企业管理咨询;企业形象策划;信息技术咨询;教学设备、教学仪器、教学系统技术开发;玩具研发、销售,日用百货、办公用品销售;机器人及配件研发、销售、技术服务;机器人租赁;书法、国学、少儿编程、绘本阅读与指导服务;餐饮服务、住宿服务、家政服务。",1
317,深圳市艾克斯教育科技发展有限公司,存续,广东,"少儿科学教育培训;教育培训;亲子活动策划;商务文化交流活动策划;文艺表演策划;经营电子商务(涉及前置性行政许可的,须取得前置性行政许可文件后方可经营);市场营销策划;经济信息咨询;从事广告业务;企业形象策划;文化用品、工艺美术品、电子产品、工艺礼品的销售;装潢设计;展览展示;美术培训、舞蹈培训、少儿早教语言培训;少儿编程培训、电脑动画设计;国内贸易;经营进出口业务。)",1
318,石柱土家族自治县林森教育科技有限公司,存续,重庆,教育软件的研发;少儿美术培训;书法培训、语言培训、戏剧表演培训、故事欣赏、播音主持培训、少儿编程培训、棋类培训、情商培训、注意力培训、舞蹈、形体、少儿模特、体育培训、体能培训、珠心算培训、声乐、乐器类培训、国学、礼仪培训;婴幼儿早期行为习惯指导;教育大数据分析与采集;销售:文化用品、乐器、玩具;设计、制作、代理、发布广告;户外拓展运动策划;组织文化艺术交流活动。,1
319,世纪海航（厦门）科技有限公司,存续,福建,文具用品批发;体育用品及器材批发;其他文化用品批发;电气设备批发;计算机、软件及辅助设备批发;通讯及广播电视设备批发;其他机械设备及电子产品批发;文具用品零售;体育用品及器材零售;其他文化用品零售;计算机、软件及辅助设备零售;通信设备零售;其他电子产品零售;互联网接入及相关服务;其他互联网服务;软件开发;信息系统集成服务;信息技术咨询服务;数据处理和存储服务;集成电路设计;其他未列明信息技术服务业;教育辅助服务;其他未列明的教育;其他未列明专业技术服务业;商务信息咨询;教育咨询;投资咨询);企业管理咨询;会议及展览服务;文化、艺术活动策划;贸易代理;互联网销售;其他人力资源服务。,1
320,乐清市希麦儿童机器人培训有限公司,存续,浙江,乐高机器人编程培训;亲子、少儿活动策划;文化艺术交流活动组织策划;提供儿童游乐服务;企业形象策划;企业管理咨询;互联网信息服务;会议会展服务;教育设备产品、文化办公用品、玩具、电子产品销售;动漫游戏设计;翻译服务;工业设计、电子商务平台运营管理、数据处理;计算机系统软件网络及信息技术咨询;编程技术开发、教育软件开发;广告设计、制作、代理、发布。,1
321,趣趣教育（深圳）有限公司,存续,广东,"一般经营项目是:教育咨询;0-6岁幼儿早期教育服务;0-6岁幼儿语言能力启蒙服务;少儿口才艺术能力提升;信息咨询;承办展览展示、文化艺术交流活动策划;少儿艺术培训;珠心算、思维训练的培训及咨询;美术设计;计算机编程、软件设计;文具用品的销售;国内贸易;货物及技术进出口。,许可经营项目是:",1
322,深圳市童轩阁文化艺术有限公司,存续,广东,"一般经营项目是:美术培训、美术设计服务、文化活动策划;美术设计、产品包装平面设计;影视动画宣传设计;服装设计;少儿教育咨询,户外拓展活动策划,计算机编程技术咨询;教育咨询;计算机软件系统集成;口才演讲培训;幼儿早期教育咨询,校外托管服务。,许可经营项目是:文艺创作与表演;旅游业务。",1
323,杭州卜卜星教育科技发展有限公司,存续,浙江,"服务:教育技术的技术开发,教育信息咨询,舞蹈培训,美术培训,棋类培训,英语培训(涉及资质证凭证经营),少儿编程培训,乐高培训,口才培训,陶艺培训,跆拳道培训,乐器类培训,模特表演培训,书法培训,成年人的非证书劳动职业技能培训),会务服务,展览展示服务。",1
324,佛山市顺德区励耘信息咨询有限公司,在业,广东,信息技术咨询服务;家政服务;文化艺术咨询服务;书法、国学、少儿编程、语言培训咨询服务;儿童照看服务;餐饮管理服务;文化交流活动策划;企业形象策划;电子商务运营及策划;教育设备、教学仪器、教育系统技术开发;销售:日用百货、玩具、办公用品;研发:玩具;机器人及其配件的研发和技术服务;机器人租赁。,1
325,平遥县青橙创客教育科技中心,存续,山西,教育机器人产品、信息技术咨询服务;软件开发;网站搭建;青少儿编程软件技术服务,1
326,隆安县东萌优学教育信息服务部,存续,广西,家庭教育咨询服务;机器人、少儿编程技术研发与推广服务;企业形象策划服务。,1
327,鸠江区弘高科技教育咨询中心,存续,安徽,乐高机器人教育咨询、少儿编程教育咨询和相关产品销售、活动组织服务。,1
328,长春博思百睿教育咨询有限公司,存续,吉林,"教育信息咨询(,);出国留学咨询;人力资源管理咨询;组织文化艺术交流活动;版权代理服务;家政服务;计算机信息咨询;少儿编程、机器人信息咨询;智能机器人的研发;全开放式机器人平台、模块组装或插件机器人、可编程操作接口机器人、封闭式机器人的技术开发、技术咨询、技术服务、技术转让及销售。",1
329,深圳艺点点文化艺术教育有限公司,存续,广东,"舞蹈、美术、跆拳道、书法、婴幼儿早教(0-3岁)、声乐、乐理,民间乐器、钢琴、西洋乐器、街舞、陶艺、棋类、珠心算、少儿编程的培训;文化活动策划;礼仪策划;企业形象策划;个人形象策划;教学软件、教学器材、教育设备的技术开发与销售;教育咨询、教育培训。国内贸易。)。提供校外托管服务。",1
330,重庆市铜梁区佐佑学教育信息咨询有限公司,存续,重庆,社会经济咨询;招生、招考信息咨询;培训:舞蹈、美术、书法、声乐、钢琴、吉他、古筝、播音主持、表演艺术、少儿编程、机器人编程、演讲与口才(均);教育教学管理咨询;学校后勤管理经营服务;学生课后看护服务(;);承接经批准的文化交流活动;企业营销策划;会展服务;广告设计制作;销售:文体用品、生活用品。(以上经营范围),1
331,吉林省爱码兔科技有限公司,存续,吉林,互联网科技创新平台;软件开发、技术咨询、技术服务;少儿编程设计;智能机器人开发;文化创意服务;会议服务;展览展示服务:建筑智能化建设工程设计与施工(凭资质证经营);工艺美术品)、礼品、文化办公用品的设计、销售;图文设计;企业形象设计;商务咨询服务;公关活动策划;文化交流活动策划;企业营销策划。,1
332,遂平县第二课堂机器人构建中心,存续,河南,科技推广服务、创课机器人设计、组装;教具销售、少儿编程服务。,1
333,安徽光子云教育科技有限公司,存续,安徽,教育软硬件的开发与应用;少儿编程研发及应用;教育信息咨询服务;教育项目与教育科研文献的研究与开发;教育文化活动组织策划;教育文化交流;教育技术研发;计算机软件技术开发、销售;教育项目开发及投资;计算机信息咨询服务;电子商务信息咨询服务;互联网信息服务;物联网研发及应用;教学用品、教学软件研发及销售;办公用品、文化用品、日用百货、玩具、游乐设备、教学设备、体育器材销售;国内广告设计、制作、发布及代理,1
334,智能星球教育科技（长春）有限公司,存续,吉林,教育科技领域内的技术开发、技术转让、技术咨询、技术服务;计算机信息咨询;少儿编程信息咨询;机器人信息咨询;互联网信息技术服务;组织文化交流活动;会议及展览展示服务;企业形象策划;销售计算机、软件及辅助设备;人力资源培训;机器人、人工智能设备及相关软件的设计、研发与销售;机器人、电子智能化玩具的组装及咨询;玩具租赁与销售。,1
335,嘉兴原因教育咨询有限公司,存续,浙江,教育信息咨询;教育软件的技术开发、技术转让、技术咨询、技术服务;开展音乐、舞蹈、围棋、书法、绘画的培训);户外拓展活动的组织策划;家政服务;市场营销策划;文化创意服务;翻译服务;文化艺术交流活动的组织、策划;机器人、办公用品、文具、教具、计算机软硬件的销售。,1
336,曲阜市优贝教育培训中心,在业,山东,教育培训咨询、图书借阅买卖、课后作业辅导、少儿英语、少儿编程、0~12岁儿童阅读指导。,1
337,沈阳市沈河区奇点文化教育培训学校有限责任公司,存续,辽宁,少儿编程、思维导图、中小学文化课教育;软件开发;互联网信息服务;信息系统集成服务;计算机数据处理和存储服务;网络技术、通讯技术、信息技术、物联网技术、电子产品技术开发、技术转让、技术咨询服务;食品、冷鲜肉、调味品、日用百货、母婴用品、文化用品、纸制品、教学设备、教学用具、实验室设备、办公用品、办公设备销售。,1
338,深圳腾旭互联网有限公司,存续,广东,"一般经营项目是:网络技术开发;计算机及多媒体技术开发;互联网运营和推广;数据库服务及管理;从事广告业务;信息技术、计算机编程技术的研发及销售;计算机软件设计及技术服务;教育信息咨询;文化活动策划;教学机器人、智能机器人、无人机、教材的销售;少儿编程教育咨询;视频制作;影视策划;经营电子商务;国内贸易,货物技术进出口,学习产品,教学用具,教学产品的销售。,许可经营项目是:音像制品和书籍的批发及零售",1
339,扬中市夏贝儿艺术培训中心,存续,江苏,声乐、舞蹈、美术、书法、体育、乐器、少儿编程、语言类、形体、陶艺制作培训;绘本阅读服务;少儿心理辅导;儿童临时看护服务。,1
340,宝应县科林熊教育培训中心有限公司,存续,江苏,中小学生文化课培训、3-18岁适龄学员绘画、书法、舞蹈、音乐、棋类、琴类、球类教育培训、幼小衔接课程、晚辅、才艺、少儿英语、主持人、机器人、表演、口才、作文、戏剧、珠心算、跆拳道培训、婴幼儿早期教育(亲子启蒙、全脑开发、感统)、编程、主题活动、研学。,1
341,乐清市云尚儿童机器人培训有限公司,存续,浙江,乐高机器人编程培训;亲子、少儿活动策划;文化艺术交流活动组织策划;儿童室内游乐服务;企业形象策划;企业管理咨询;互联网信息服务;会议会展服务;教育设备产品、文具、玩具、电子产品销售;动漫游戏设计;翻译服务;工业设计;电子商务平台运营管理、数据处理;计算机系统软件网络及信息技术咨询;教育软件开发;广告设计、制作、代理、发布。,1
342,扎鲁特旗致优文化传播有限公司,存续,内蒙古,"少儿绘本教读;网络技术开发、技术咨询;计算机软硬件技术开发,计算机编程;设计、制作、代理、发布国内各类广告;文化信息咨询;人力资源信息咨询服务;教学设备、办公用品、文体用品、文具用品、电子产品批发及零售;市场营销策划;企业形象推广策划;展示展览服务;会务服务;文化活动的组织与策划、文化艺术竞赛活动的组织与策划;拓展训练。",1
343,乐清市智彗喵围棋培训有限公司,存续,浙江,"围棋、美术、书法、口才、小主持人、乐高机器人编程培训;提供学生托管服务(,含住宿、餐饮服务);教育信息咨询、乐高机器人编程咨询;婴幼儿智力开发领域内的技术研究、技术转让;亲子、少儿活动组织策划;文化艺术交流活动策划;动画设计、视频制作;网络游戏设计、开发;玩具、机器人教具销售。",1
344,通辽市智慧脑潜能开发有限公司,存续,内蒙古,"全脑开发、少儿绘本教读;网络技术开发、技术咨询;计算机软硬件技术开发,计算机编程;设计、制作、代理、发布国内各类广告;文化信息咨询;人力资源信息咨询服务;教学设备、办公用品、文体用品、文具用品、电子产品批发及零售;市场营销策划;企业形象推广策划;展示展览服务;会务服务;文化活动的组织与策划、文化艺术竞赛活动的组织与策划;拓展训练。",1
345,吉林省沐墨庄科技有限公司,存续,吉林,互联网科技创新平台;软件开发、技术咨询、技术服务;少儿编程设计;智能机器人开发;文化创意服务;会议服务;展览展示服务;建筑智能化建设工程设计与施工(凭资质证经营);工艺美术品)、礼品、文化办公用品的设计、销售;图文设计;企业形象设计;图书借阅服务;商务咨询服务(;);公关活动策划;文化交流活动策划;企业营销策划。。,1
346,毕节鸿诺教育咨询有限公司,存续,贵州,"法律、法规、国务院决定规定禁止的不得经营;法律、法规、国务院决定规定应当许可(审批)的,经审批机关批准后凭许可(审批)文件经营;法律、法规、国务院决定规定无需许可(审批)的,市场主体自主选择经营。(教育咨询;乐高拼装、提升孩子的动手能力、思维能力、创造力、协作能力、想象力;少儿机器人编程(以上经营范围均)。)",1
347,怀远县智博慧艺术培训中心,存续,安徽,国学礼仪培训服务、少儿舞蹈培训服务、跆拳道培训服务、口才培训服务、艺体特长兴趣培养服务、编程培训服务、少儿创新能力培养服务、教育咨询服务、餐饮服务,1
348,西安新毛豆教育科技有限公司,在业,陕西,教育软件、计算机软硬件的技术x发、技术咨询、技术转让、技术服务及销售;计算机系统集成;模型设计;电脑动画设计;美术图案设计;动漫及衍生产品设计;多媒体设计;文艺创作;少儿编程咨询服务;少儿教育产品的销售;科技活动、文化艺术交流活动的组织与策划;音像制品、电子出版物、图书批发兼零售;企业营销策划;企业管理服务;企业形象设计。(),1
349,乐清市小码哥机器人培训有限公司,存续,浙江,少儿机器人编程培训;计算机软件设计、装潢设计、美术设计、电脑动画设计;化工产品、建筑建材、机械设备、文化办公用品、工艺美术品、电子产品、工艺礼品销售(含网上销售);货物进出口、技术进出口;文化交流活动组织与策划;企业形象策划;教育信息咨询;展览展示策划;广告设计、制作、发布、代理;信息技术科技、生物技术科技领域内的技术开发、技术咨询、技术维护、技术转让;,1
350,涟源市博瑞创客教育咨询中心,存续,湖南,教育信息咨询、市场营销策划、展览展示策划、3D打印、少儿编程服务;文具用品、教育、开源硬件类产品销售。,1
351,东莞瑞鸿教育科技有限公司,在业,广东,"教育软件开发、技术转让、技术咨询、技术服务;版权代理;企业管理咨询;少儿机器人编程培训(国家学校教育制度以外的语言能力培训,且)、教育信息咨询、文化艺术交流活动策划;销售:文教用品、教育软件、办公用品、办公设备、电子产品、电器产品。",1
352,重庆典学文化创意中心,存续,重庆,承办经批准的文化艺术交流活动;美术培训、书法培训(以上两项);少儿编程。,1
353,深圳童启智能科技有限公司,存续,广东,"一般经营项目是:计算机软硬件技术开发、销售、技术咨询、技术服务、技术转让;经营电子商务(涉及前置性行政许可的,须取得前置性行政许可文件后方可经营);教育咨询,编程语言技术开发、礼仪服务、企业管理咨询服务;摄影摄像;商务服务,企业形象策划,会务服务;办公用品、教育用品销售;文化活动策划、庆典策划服务,市场营销策划,展览展示策划,从事广告业务;国内贸易;少儿编程培训;机器人搭建及编程的兴趣教育培训。,限制的项目须取得许可后方可经营),许可经营项目是:互联网信息服务业务,视频制作;",1
354,锦州极客科技发展有限公司,存续,辽宁,教育软件的技术研发、技术推广服务;教育信息咨询服务;商务信息咨询服务;少儿编程教育咨询服务;现代教育机器人研发、调试和技术服务、销售;现代创客教育机器人实验室的科普、实践与体验、技术咨询;赛事活动组织;计算机软硬件技术开发、技术转让、技术咨询服务;企业管理咨询服务;市场营销策划服务;计算机软硬件及辅助设备、玩具、教育文化用品、灯光音响销售;计算机系统集成;弱电消防、建筑装修装饰安装工程施工;家电及电子设备维修。,1
355,宁波市奉化区熠辰教育培训有限公司,存续,浙江,英语培训(在许可证有效期内经营);书法、美术、舞蹈、声乐、乐高、围棋、象棋、国际象棋的培训;少儿计算机编程;文化艺术交流活动的组织、策划;舞台艺术造型服务;托儿所服务以及其他按法律、法规、国务院决定等规定未禁止或无需经营许可的项目和未列入地方产业发展负面清单的项目。,1
356,深圳市正宏卓越文化艺术传播有限公司,存续,广东,"一般经营项目是:文化活动组织策划服务;网络设备、通讯设备、美术用品、音乐用品、体育用品及办公用品的销售;书法、美术、跆拳道、武术、舞蹈、瑜伽、棋类、声乐、小主持培训;少儿思维导图培训、少儿编程培训;教育咨询;心理咨询;会务、礼仪策划服务;从事广告业务;教育软件的研发;计算机网络工程设计及施工;国内贸易,货物及技术的进出口。,许可经营项目是:外语培训;图书租赁;档案文件管理咨询及培训;校外托管服务。",1
357,南京艾斯霍奇教育信息咨询有限公司,存续,江苏,教育信息咨询;文化艺术交流策划;少儿智力开发咨询;少儿编程培训;拓展训练服务;教育软件、计算机软硬件、网络技术、互联网技术研发、技术转让、技术咨询、技术服务、技术推广;企业管理咨询;商务信息咨询;心理咨询;组织照看放学儿童;企业形象策划;公关服务;会务服务;展览展示服务;家政服务;设计、制作、代理、发布国内各类广告;自费出国留学中介服务;服装鞋帽、教学设备、医疗器械、办公用品、文化用品、工艺美术品、乐器、日用百货销售。,1
358,深圳市笔星少儿艺术教育机构有限公司,存续,广东,"一般经营项目是:舞蹈、跆拳道、美术手工、棋类、琴类、语言阅读与口才类、珠心算、花艺类、编程类活动策划(不涉及学科类培训);文体户外活动策划;文化交流活动策划;市场营销策划;拓展活动组织。,许可经营项目是:",1
359,宁波市奉化区豆豆龙教育培训有限公司,存续,浙江,阅读与写作;趣味数学(在许可证有效期限内经营);书法培训;美术培训;舞蹈培训;声乐培训;绘画培训;少儿编程;乐高培训;围棋、象棋、国际象棋的培训;教育软件的技术开发、技术服务;教育信息咨询;文化艺术交流活动的组织、策划;舞台艺术造型策划以及其他按法律、法规、国务院决定等规定未禁止或无需经营许可的项目和未列入地方产业发展负面清单的项目。,1
360,深圳源码教育科技有限公司,存续,广东,"一般经营项目是:教育培训;教育信息咨询);计算机软件、信息系统软件的开发、技术推广、技术咨询及销售、技术服务、技术转让;教育软件开发;计算机系统技术服务;会议展览策划;文化活动策划;会务服务;文化活动策划;玩具产品的研发和销售;少儿编程、机器人教育教材开发;国内贸易。,许可经营项目是:广播电视节目制作;出版物零售。机器人、智能机、人工智能机电产品、电子设备、塑料制品、铝合金制品、玩具产品、计算机软硬件和检测设备的生产、制造和销售;",1
361,陕西瓦力教育咨询有限公司渭南分公司,在业,陕西,许可经营项目:无。一般经营项目:教育信息咨询与服务;教育软件开发;心理辅导咨询服务;少儿潜能开发咨询与服务;文化艺术交流活动组织与策划;电子产品的销售;展览展示服务。,1
362,深圳市福田区面对面家政服务部,存续,广东,"教育培训;中小学家教;钢琴培训;书法培训;少儿编程培训;从事校外托管服务。,限制的项目须取得许可后方可经营)^",1
364,深圳市春秋少儿围棋有限公司,存续,广东,"围棋培训;围棋的文化传播技术交流活动策划;棋类产品的销售;围棋的软件开发及设计;承办围棋比赛活动;从事广告业务;企业形象策划;文化活动策划;计算机编程;计算机软件设计;网络商务服务;数据库服务、数据库管理;为俱乐部提供管理服务;国内贸易,货物及技术进出口。^",1
365,松原市宁江区蓝之天教育培训学校有限公司,存续,吉林,"文化、教育类杂志零售;教育信息咨询、教育教学研究与咨询、教育教学方法的研究与推广、文化艺术交流活动组织、赛事活动的策划组织与推广、教育机器人咨询、少儿编程咨询、文化艺术咨询服务);机器人及电子产品的技术开发、教育技术开发、教育软件、网络技术的研究、开发;技术咨询、技术服务、企业管理咨询服务、商务服务、企业形象策划、办公用品销售、文化用品销售、玩具销售;室内娱乐活动,初高中数学、语文、英语、物理、化学、政治、历史、生物、地理全科课后辅导。",1
366,杭州瀚睿教育科技有限公司,存续,浙江,"教学用品、教学软件、新型材料、电子商务技术、网络信息技术、计算机软硬件的技术开发、技术咨询、技术服务、成果转让;教育信息咨询;少儿编程培训(仅限艺术特长类、体育竞技类培训,限上门),成年人的非证书劳动职业技能培训,人才中介,人才信息咨询,企业形象策划,市场营销策划,文化艺术交流活动策划,会务、会展服务,企业管理咨询,设计、制作、代理、发布国内广告,动漫设计及制作;销售:教学设备、办公用品、日用百货、教学用品、玩具、计算机软硬件、教学软件**",1
367,杭州卓阅教育科技有限公司,存续,浙江,"教育软件、计算机软硬件的技术开发、技术咨询、技术服务、成果转让;教育信息咨询;企业管理咨询;记忆力开发应用服务,阅读培训);茶艺培训;绘画培训;书法培训;少儿编程培训;机器人培训;承办会展;企业形象策划;市场营销策划;文化艺术交流活动策划;成年人的非证书劳动职业技能培训);文化用品、教学设备、办公用品、电子产品、日用百货、服装的批发、零售。",1
368,石柱土家族自治县翼启教育科技有限公司,存续,重庆,教育软件的研发;少儿美术培训、书法培训、语言培训、戏剧表演培训、全脑开发、故事欣赏、播音主持培训、少儿编程培训、棋类培训、情商培训、注意力培训、舞蹈培训、形体、少儿模特培训、体育培训、体能培训、珠心算培训、声乐、乐器类培训、国学、礼仪培训;婴幼儿早期行为习惯指导;教学场地租赁;教育大数据分析与采集;网络科技产品;销售:文化用品、乐器、服装、运动用品、母婴用品、日用百货、玩具;文化信息咨询;设计、制作、代理、发布广告;户外拓展运动策划;组织文化艺术交流活动;学生课后看护服务(;)。。,1
369,深圳市编享教育科技有限公司,存续,广东,"一般经营项目是:教育智能系统的技术开发;教育信息咨询;投资教育产业(具体项目另行申报);乐高培训;玩具、智能机器人、通讯设备的销售、批发;经济信息咨询;企业管理咨询;国内贸易;信息技术开发、技术咨询;文化交流活动的策划;服装、鞋帽、文具用品、电子产品、乐器、日用品的销售;人工智能教材及课程的开发;机器人及人工智能学术交流活动策划;少儿编程。,许可经营项目是:出版物(含音像制品)批发、零售。",1
370,乌鲁木齐经济技术开发区（头屯河区）艾瑞丁教育培训中心有限公司,存续,新疆,"少儿英语、美术、编程的培训(具体经营项目及期限以中华人民共和国民办学校办学许可证载明为准);教育信息咨询,教育业投资,商务信息咨询,文化艺术交流策划,职业技能培训,企业管理咨询服务,教育软件技术开发与咨询,品牌营销策划,图书的租赁及销售;托管服务;销售:玩具,电子产品,文体用品及器材,工艺美术品,美术用品,办公用品,日用品。",1
371,宁波奉化区星十教育科技有限公司,存续,浙江,教育软件的技术开发、技术服务;美术培训;舞蹈培训;声乐培训;绘画培训;围棋培训;教育信息咨询;少儿编程、乐高培训;广告服务;会务服务;展览展示服务;摄影摄像服务;电影发行;文艺表演服务;商业经营管理;企业管理咨询;体育信息咨询;健康信息咨询;商品信息咨询;文化艺术交流活动的组织、策划;舞台艺术造型策划;企业形象策划;文具、工艺品、日用品的批发、零售以及其他按法律、法规、国务院决定等规定未禁止或无需经营许可的项目和未列入地方产业发展负面清单的项目。,1
373,深圳市倍加信科技有限公司,存续,广东,"一般经营项目是:计算机软硬件、电子产品、通信产品、智能设备的技术开发、销售、安装、技术服务与上门维护;国内贸易;货物及技术进出口。,限制的项目须取得许可后方可经营),许可经营项目是:",1
374,乌鲁木齐经济技术开发区（头屯河区）新叶育人培训中心有限公司,存续,新疆,"文化艺术交流;会议会展服务;拓展训练;职业技能培训;包装设计;智能科技技术开发、推广;电脑图文设计;工艺品设计;形象策划;舞台艺术造型策划;市场营销策划;企业咨询管理;教育咨询,商务信息咨询;礼仪服务;健身服务;托管服务;摄影服务;0-3岁幼儿智力开发;少儿英语、美术、编程;图文设计制作;设计、制作各类广告;销售:服装鞋帽,办公用品,日用百货。",1
375,贵阳市南明区小码教育培训中心有限公司,存续,贵州,"法律、法规、国务院决定规定禁止的不得经营;法律、法规、国务院决定规定应当许可(审批)的,经审批机关批准后凭许可(审批)文件经营;法律、法规、国务院决定规定无需许可(审批)的,市场主体自主选择经营。(少儿编程(持许可证经营);教育信息咨询;文化艺术交流活动组织及策划;企业形象设计;企业管理咨询;计算机软件开发维护;广告设计制作(持许可证经营)发布及代理;会务服务;展览展示服务;市场营销策划;销售:文化用品、文具。)",1
376,重庆兔紫教育科技有限公司,存续,重庆,"教学软件的研发、销售;口才培训;主持人培训;舞蹈培训;声乐培训;美术培训;书法培训;武术培训(取得相关行政许可后,在许可范围内从事经营);乐器培训;少儿编程培训;棋类培训(以上培训均);招生招考信息咨询;学生课后看护服务(;);提供上门式家庭教师服务;户外活动策划;企业管理咨询;会议服务;文体用品销售;图书零售(须取得相关行政许可或审批后方可从事经营);承办展览展示活动;设计、制作、发布、代理国内外广告;场地租赁。(以上范围国家法律、法规禁止经营的不得经营;国家法律、法规规定应经审批而未获审批前不得经营)*",1
377,安徽才米匠科技发展有限公司,存续,安徽,信息技术开发、技术转让、技术咨询、技术推广、技术服务;基础软件、应用软件、服务软件开发及咨询;教育软件、教育产品的研发、推广与销售;教育咨询;少儿机器人和少儿编程信息咨询;网站建设、维护;计算机系统服务;互联网信息服务;平面设计、电脑图文设计;标识标牌设计、制作;国内广告代理设计、制作及发布;漫画、动画、动漫设计、制作;动画剧本创作;广播电视节目制作;企业管理咨询、商务信息咨询、企业形象策划、营销策划、品牌策划;组织策划文化艺术交流活动;承包展览展示服务;儿童社会模拟体验服务;儿童玩具设备租赁。游戏软件开发及销售;动漫衍生产品、儿童用品研发、推广、销售;计算机软硬件及辅助设备、文具用品、玩具、服装鞋帽、仪器仪表、日用品、办公用品批发和零售。自营和代理各类商品及技术进出口业务),1
379,合肥庐阳区小能马教育科技工作室,存续,安徽,教育软件、教育产品的研发、推广与销售;教育信息咨询;少儿机器人和少儿编程信息咨询;文化活动组织策划与交流;文具用品、工艺品、玩具、日用品、服装、影像制品、电子出版物、图书批发兼零售。,1
380,贵州云众知乐教育科技有限公司,存续,贵州,"法律、法规、国务院决定规定禁止的不得经营;法律、法规、国务院决定规定应当许可(审批)的,经审批机关批准后凭许可(审批)文件经营;法律、法规、国务院决定规定无需许可(审批)的,市场主体自主选择经营。(从事电子产品及配件的研发、设计、生产与销售;利用电子元器件及配件进行各种机器人、智能玩具的研发、设计、生产(限分支机构持证经营)与销售;塑胶模具、塑胶制品、玩具、积木、可编程电子积木、少儿编程教具研发、生产(限分支机构,持证经营)、销售、办公用品的设计,生产(限分支机构,持证经营)与销售;提供智能编程机器人、智能玩具的技术咨询服务;进出口业务);计算机系统集成、计算机软硬件及外围设备的研发及销售;计算机领域内电子科技的技术开发、技术服务、技术转让、技术咨询;教育信息咨询服务;房地产经纪;文化艺术交流活动策划;市场营销策划;会议及展览展示服务。)",1
381,深圳创造非凡科技有限公司,存续,广东,"一般经营项目是:少儿教育科技的技术开发、技术转让、技术咨询、技术服务、技术推广;计算机系统服务;信息技术;数据处理);应用软件服务;基础软件服务;软件开发;软件咨询;企业策划、设计;公共关系服务;从事广告业务;会议服务;承办展览展示活动;组织文化艺术交流活动;文化咨询;教育咨询);产品设计;电脑动画设计;经济贸易咨询;企业管理咨询;销售计算机、机器人、智能机、软件及辅助设备、电子产品、通讯设备、机械设备、汽车零配件、日用品、服装、鞋帽、玩具、文化用品、家用电器、仪器仪表;计算机编程;计算机软件设计;从事文化交流活动策划;教育信息咨询;企业形象策划;文化活动策划;装潢设计、美术设计、电脑动画设计;展览展示策划;经营电子商务;国内贸易;经营进出口业务;教育培训;教育信息咨询;文化活动策划。,限制的项目须取得许可后方可经营),许可经营项目是:出版物零售。",1
382,艺多教育集团（深圳）有限公司,存续,广东,"一般经营项目是:教育项目的投资;品牌营销策划;创业投资咨询业务;企业管理培训;企业形象策划;市场调研;市场营销策划;公关策划;展览展示策划;经营电子商务;国内贸易;经营进出口业务;投资兴办实业(具体项目另行申报);教育咨询;教育培训;少儿编程培训;语言培训;教育软件、计算机软硬件、电子产品的的研发、技术开发、技术咨询、技术服务、技术转让及销售;编程类、人工智能类及机器人类的课程研发、设计与销售;机器人、人工智能及编程赛事活动的策划;文化活动组织策划;礼仪策划;会务策划;从事广告业务;装潢设计、美术设计、电脑动画设计;商务信息咨询;企业管理咨询;夏令营活动策划;教育科技开发;素质教育的研发;商务信息咨询;户外活动策划;家政服务;音乐、舞蹈、美术培训;演出庆典活动策划;文艺赛事活动策划;影视策划;教学用品、乐器、服装、工艺礼品、电子产品、文具用品、家具、旅游工艺品、体育用品的研发与销售,限制的项目须取得许可后方可经营)。,许可经营项目是:人力资源服务;从事旅游业务;劳务派遣;文艺演出;游学交流活动的策划。",1
383,巴南区清创文化艺术传播中心,存续,重庆,其他文化艺术业、少儿英语、少儿口才与演讲、少儿编程、家庭教育与兴趣培养、家校思维训练智力养成、联合托管、书法培训、美术培训、珠心算培训、音乐培训、舞蹈培训、国画培训、跆拳道培训、钢琴培训、中国象棋培训、架子鼓培训、大小管培训、小提琴培训、小语种培训;学生托管服务(;)。***,1
384,广东寸草心教育科技有限公司,在业,广东,"教育领域内的相关技术开发;研学培训(国家学校教育制度以外的研学培训活动);国内旅游、入境旅游和出境旅游招徕、组织、接待业务;文化艺术交流活动组织策划;文化信息咨询;冬夏令营活动组织与策划;体育赛事活动组织策划;创意策划服务;自费出国留学中介服务;职业中介;企业管理咨询;成人非学历教育培训;语言能力培训、文化艺术培训、少儿机器人编程培训(国家学校教育制度以外的语言能力培训,且);设计、代理、发布国内各类广告;教育信息咨询;计算机软件技术服务、技术咨询;软件开发;数字技术服务;数据处理和存储服务;教学设备研发;市场营销策划;信息系统集成服务;销售:体育器械、办公用品、办公耗材;跑道工程施工;教学设备、电子产物的研发;场地出租服务;货物或技术进出口)。",1
385,深圳市栋智慧教育服务有限公司,存续,广东,"一般经营项目是:教育项目的引进、学习、推广;教学用品的开发;品牌营销策划;创业指导咨询服务;企业管理培训;企业形象策划;市场调研;市场营销策划;公关策划;展览展示策划;经营电子商务;国内贸易;经营进出口业务;投资兴办实业(具体项目另行申报);教育咨询;教育培训;少儿编程培训;语言培训;教育软件、计算机软硬件、电子产品、教学用品及周边配件、教学设备、人工智能机电产品、机器人科技产品及零配件、投影机、电子产品、多媒体教学设备、影音设备、视频会议及网络应用设备、安防监控设备、工业自动化控制设备、仪器仪表的研发、技术开发、技术咨询、技术服务、技术转让及销售;编程类、人工智能类及机器人类的课程研发、设计与销售;机器人、人工智能及编程赛事活动的策划;游学交流活动的策划;文化活动策划;礼仪策划;会务策划;从事广告业务;美术培训;装潢设计、美术设计、电脑动画设计;商务信息咨询;企业管理咨询,限制的项目须取得许可后方可经营)。,许可经营项目是:劳务派遣",1
386,蒲公英幼童早期教育（深圳）有限公司,存续,广东,"一般经营项目是:生物基因检测技术咨询、技术服务;教育产业投资;企业形象策划;市场营销策划;儿童营养健康、心理健康、潜能开发信息咨询服务;在教育管理领域内提供的教育科研、技术咨询、教育信息咨询的服务;教育课程、教材、教育设备仪器、教育软件、互联网软件的技术研发、设计及销售;3岁以下婴幼儿照护服务、早期教育;美术、音乐、舞蹈、幼儿编程培训;文化艺术交流活动的组织策划;工艺礼品、文化艺术用品、文具的销售;夏令营及少儿活动组织、策划;展览、展示及会务服务;摄像摄影服务;国内贸易;经营进出口业务。(依法须批准的项目,经相关部门批准后方可开展经营活动),许可经营项目是:预包装食品的销售。",1
387,宁波语塑教育信息咨询有限公司,存续,浙江,教育信息咨询;翻译服务;婚庆服务;美术、棋类、书法、舞蹈、乐器、乐高积木、少儿主持人培训;跆拳道、击剑、足球、乒乓球、羽毛球、田径、马术、瑜伽培训;网站设计;教学设备、教学器材、办公用品的销售及技术开发、技术转让;文化创作服务;计算机编程、小型机器人制作培训;家政服务;文化用品、体育用品、音乐器材、办公用品、日用品的批发、零售;食品经营;文化艺术交流活动组织策划;企业管理咨询;企业形象策划;会务服务;计算机软硬件的技术咨询、技术研发、技术服务;庆典活动策划;企业营销策划;展览展示服务;广告服务;人力资源信息咨询;以及其他按法律、法规、国务院决定等规定未禁止或无需经营许可的项目和未列入地方产业发展负面清单的项目。,1
388,铜仁高新区格源文化服务中心,存续,贵州,"法律、法规、国务院决定规定禁止的不得经营;法律、法规、国务院决定规定应当许可(审批)的,经审批机关批准后凭许可(审批)文件经营;法律、法规、国务院决定规定无需许可(审批)的,市场主体自主选择经营。(少儿编程、英语口语交流、文化咨询、各种竞赛、思维导图、会务服务、互联网销售、高效阅读、数学思维。)",1
389,杭州心境网络科技有限公司,存续,浙江,"计算机软硬件、网络技术、电子商务技术、电子产品的技术开发、技术服务、技术咨询、成果转让;人工智能、机器人的技术开发与技术服务;智能设备、物联网技术的设计、开发;计算机系统集成;计算机网络系统工程服务;数据信息的采集、咨询与分析处理;网站的设计、开发与运营;设计、制作、代理、发布国内广告;成年人的非证书劳动职业技能培训,少儿编程培训(仅限艺术特长类);经济信息咨询、商务信息咨询;销售:计算机软件,电脑整机、配件及周边设备,网络设备,服务器,通讯产品,智能机器人,智能设备,物联网设备,电子产品,服装,鞋帽,纺织品,箱包,工艺美术品,饰品,家用电器,家具,日用百货,办公用品,文化用品,国家政策允许上市的食用农产品;第二类增值电信业务的信息服务业务(仅限互联网信息服务)**",1
390,博罗县园洲镇贝贝乐少儿艺术咨询服务部,存续,广东,服务:文化艺术传播、艺术推广、活动项目策划、美术、舞蹈、武术、摄影、机器人编程、琴棋书画信息咨询;销售:玩具、文具。,1
391,广东国大教育科技有限公司,在业,广东,"教育领域内的相关技术开发;素质拓展训练活动组织策划;研学培训(国家学校教育制度以外的研学培训活动);国内旅游、入境旅游和出境旅游招徕、组织、接待业务;科普教育活动组织策划;农耕文化体验推广;营地教育开发;大型活动组织策划;票务服务;文化艺术交流活动组织;文化艺术咨询;体育赛事活动组织策划;策划创意服务;自费出国留学中介服务;职业中介;企业管理咨询;商务信息咨询;项目投资;成人非学历教育培训;语言能力培训(国家学校教育制度以外的语言能力培训,且);瑜伽培训、武术培训(国家学校教育制度以外的体育培训活动);舞蹈培训、美术培训、书法培训、音乐培训、戏剧培训、表演培训、摄影培训(国家学校教育制度以外的艺术培训活动);设计、制作、代理、发布国内各类广告;教育信息咨询;少儿机器人编程培训;机器人教育软件研发、销售、租赁;为企业单位、事业单位提供业务流程外包、信息技术外包、知识流程外包;计算机软件技术服务、技术咨询;软件开发;数字技术服务;数据处理和存储服务;教学设备研发;市场营销策划;信息系统集成服务;货物或技术进出口)。",1
392,深圳市麦瑞琳贸易有限公司,存续,广东,"一般经营项目是:电子产品、数码产品、手机及周边零配件、计算机、电脑、办公用品、家用电器、服装服饰、护肤品、化妆品、箱包鞋帽、运动户外用品、母婴用品、日用百货、工艺礼品)、广告礼品、商务庆典礼品、体育用品、玩具、乐器、珠宝首饰、金银首饰、钟表、厨具、厨房用品、汽车用品、家具、家装建材、宠物用品的批发与销售;鲜花、园艺用品、农资、绿植、蔬菜、水果、生鲜、海产品的销售;书法培训;花艺培训;音乐培训;舞蹈培训;少儿编程培训;国内贸易;经营电子商务(涉及前置性行政许可的,须取得前置性行政许可文件后方可经营);进出口业务。,限制的项目须取得许可后方可经营),许可经营项目是:酒类零售;预包装食品、保健品食品的批发与销售;向游客提供旅游、交通、住宿、餐饮代订服务;医疗器械的销售;出版物、图书、报刊、音像制品的批发零售。",1
393,东莞富德教育有限公司,在业,广东,"教育领域内的相关技术开发;素质拓展训练活动组织策划;研学培训(国家学校教育制度以外的研学培训活动);科普教育活动组织策划;文化艺术交流活动组织策划;文化信息咨询;冬夏令营活动组织与策划;体育赛事活动组织策划;策划创意服务;自费出国留学中介服务;职业中介;企业管理咨询;成人非学历教育培训;语言能力培训(国家学校教育制度以外的语言能力培训,且);瑜伽培训、武术培训(国家学校教育制度以外的体育培训活动);舞蹈培训、美术培训、书法培训、音乐培训、戏剧培训、表演培训、摄影培训(国家学校教育制度以外的艺术培训活动);设计、代理、发布国内各类广告;教育信息咨询;少儿机器人编程培训;为企业单位、事业单位提供业务流程外包、信息技术外包、知识流程外包;计算机软件技术服务、技术咨询;软件开发;数字技术服务;数据处理和存储服务;教学设备研发;市场营销策划;信息系统集成服务;销售:体育器械、办公用品、办公耗材;跑道工程施工;教学设备、电子产品的研发;货物或技术进出口)。",1
394,郑州核桃科技有限公司,存续,河南,计算机软硬件的技术开发、技术推广、技术转让、技术咨询、技术服务;计算机系统集成服务;网络技术推广服务;平面设计;网页设计;网站建设;信息技术的技术服务;软件开发、销售、维护;销售:通讯设备、电子产品、数码产品、计算机软硬件及周边设备、办公用品;设计、制作、代理、发布国内广告业务;企业营销策划;商务信息咨询服务;市场营销策划;图文设计、制作;品牌形象设计、咨询服务;安全技术防范工程设计、施工;建筑智能化工程设计与施工。,1
395,汕头市万格文教科技实业有限公司,在业,广东,"研发、生产、销售:文教用品,玩具,工艺品),塑料制品,电子配件,金属模具;教学咨询;货物或技术进出口。",1
396,深圳市龙华区小艾少儿人工智能中心,存续,广东,教育咨询;文化用品、体育用品、玩具销售;人工智能研究开发及技术咨询;计算机编程;计算机软件开发、销售;信息技术咨询;保安监控及防盗报警系统、智能卡系统、智能化系统的上门安装;服装、纺织品、针织品、日用百货、文化用品、机械设备、电子产品、首饰、工艺品)的批发、零售;化妆品、卫生用品的销售;计算机、软件及辅助设备的销售;计算机及通讯设备租赁;照相器材出租;体育设备出租;企业形象策划;文化活动策划;礼仪策划、会务策划;市场营销策划;展览展示策划;商务信息咨询;电子、通信与自动控制技术的研发;计算机科学技术的研发;工业设计、饰物装饰设计、展台设计、规划模型设计、沙盘模型设计。;法律、行政法规限制的项目须取得许可后方可经营)^,1
397,厦门亿实软件科技有限公司,存续,福建,软件开发;信息系统集成服务;信息技术咨询服务;数据处理和存储服务;集成电路设计;计算机、软件及辅助设备批发;计算机、软件及辅助设备零售;教育辅助服务;其他未列明信息技术服务业;其他互联网服务;数字内容服务;动画、漫画设计、制作;教育咨询;其他未列明的教育服务;其他机械设备及电子产品批发;其他电子产品零售。,1
399,深圳市远望谷信息技术股份有限公司,存续,广东,"一般经营项目是:电子通讯设备、自动识别产品、射频识别系统及产品、计算机软、硬件系统及其应用网络产品、移动手持终端产品、仪器仪表、自动化设备及系统、机箱机柜、微波通信塔的研发、生产、销售及相关业务咨询;移动电话机的研发、生产、销售;投资兴办实业(具体项目另行申报);经营进出口业务)。,许可经营项目是:",1
400,科大讯飞股份有限公司,存续,安徽,"增值电信业务,专业技术人员培训,计算机软、硬件开发、生产和销售及技术服务,系统工程、信息服务,电子产品、计算机通讯设备研发、生产、销售,进出口业务,安全技术防范工程,房屋租赁,物业管理服务,设计、制作、代理、发布广告,移动通信设备的研发、销售,图书、电子出版物销售。(以上依法须经批准的项目经相关部门批准后方可开展经营活动)。",1
